Title,Date,Genre,My_Rating,Temp_C,Weather
Stranger Things: Saison 1: Épisode 1,06/02/2024,Sci-Fi,9,12.4,Sunny
Stranger Things: Saison 1: Épisode 2,06/02/2024,Sci-Fi,10,12.4,Sunny
Pulp Fiction,06/02/2024,Crime,9,12.4,Sunny
Stranger Things: Saison 1: Épisode 3,07/02/2024,Sci-Fi,8,12.4,Rainy
Stranger Things: Saison 1: Épisode 4,07/02/2024,Sci-Fi,9,12.4,Rainy
Stranger Things: Saison 1: Épisode 5,07/02/2024,Sci-Fi,8,12.4,Rainy
365 Days,07/02/2024,Romance,4,12.4,Rainy
Project Power,08/02/2024,Action,7,13.8,Rainy
Bright,08/02/2024,Fantasy,3,13.8,Rainy
Stranger Things: Saison 1: Épisode 7,08/02/2024,Sci-Fi,9,13.8,Rainy
Stranger Things: Saison 1: Épisode 6,08/02/2024,Sci-Fi,9,13.8,Rainy
Stranger Things: Saison 1: Épisode 8,09/02/2024,Sci-Fi,8,14.1,Rainy
Stranger Things: Saison 1: Épisode 9,09/02/2024,Sci-Fi,7,14.1,Rainy
Get Out,09/02/2024,Horror,6,14.1,Rainy
6 Underground,09/02/2024,Action,7,14.1,Rainy
Stranger Things: Saison 2: Épisode 3,10/02/2024,Sci-Fi,10,9.9,Rainy
Stranger Things: Saison 2: Épisode 2,10/02/2024,Sci-Fi,10,9.9,Rainy
Stranger Things: Saison 2: Épisode 1,10/02/2024,Sci-Fi,10,9.9,Rainy
Parasite,10/02/2024,Thriller,9,9.9,Rainy
Stranger Things: Saison 2: Épisode 4,11/02/2024,Sci-Fi,8,10.6,Rainy
Morbius,11/02/2024,Action,1,10.6,Rainy
Friends: Saison 1: Épisode 1,12/02/2024,Comedy,9,10.5,Rainy
Stranger Things: Saison 2: Épisode 5,12/02/2024,Sci-Fi,10,10.5,Rainy
Stranger Things: Saison 2: Épisode 6,12/02/2024,Sci-Fi,10,10.5,Rainy
Princess Mononoke,13/02/2024,Anime,10,10.9,Rainy
Stranger Things: Saison 2: Épisode 7,13/02/2024,Sci-Fi,10,10.9,Rainy
Dragonball Evolution,13/02/2024,Action,1,10.9,Rainy
Stranger Things: Saison 2: Épisode 9,14/02/2024,Sci-Fi,8,14.7,Rainy
Brooklyn Nine-Nine: Saison 1: Épisode 1,14/02/2024,Comedy,9,14.7,Rainy
Stranger Things: Saison 2: Épisode 8,14/02/2024,Sci-Fi,9,14.7,Rainy
Stranger Things: Saison 3: Épisode 2,15/02/2024,Sci-Fi,10,17.1,Rainy
Brooklyn Nine-Nine: Saison 1: Épisode 2,15/02/2024,Comedy,8,17.1,Rainy
Stranger Things: Saison 3: Épisode 1,15/02/2024,Sci-Fi,10,17.1,Rainy
The Dark Knight,16/02/2024,Action,10,13.9,Rainy
Stranger Things: Saison 3: Épisode 3,17/02/2024,Sci-Fi,7,13.8,Sunny
Stranger Things: Saison 3: Épisode 4,17/02/2024,Sci-Fi,8,13.8,Sunny
Stranger Things: Saison 3: Épisode 5,17/02/2024,Sci-Fi,9,13.8,Sunny
Stranger Things: Saison 3: Épisode 6,17/02/2024,Sci-Fi,10,13.8,Sunny
Stranger Things: Saison 3: Épisode 7,17/02/2024,Sci-Fi,10,13.8,Sunny
Stranger Things: Saison 3: Épisode 8,17/02/2024,Sci-Fi,9,13.8,Sunny
Murder Mystery,17/02/2024,Comedy,5,13.8,Sunny
Stranger Things: Saison 4: Épisode 4,18/02/2024,Sci-Fi,10,11.6,Rainy
Stranger Things: Saison 3: Épisode 9,18/02/2024,Sci-Fi,7,11.6,Rainy
Stranger Things: Saison 4: Épisode 1,18/02/2024,Sci-Fi,9,11.6,Rainy
Stranger Things: Saison 4: Épisode 2,18/02/2024,Sci-Fi,7,11.6,Rainy
Stranger Things: Saison 4: Épisode 3,18/02/2024,Sci-Fi,7,11.6,Rainy
Dune: Part One,19/02/2024,Sci-Fi,8,11.7,Rainy
Stranger Things: Saison 4: Épisode 5,20/02/2024,Sci-Fi,9,10.9,Sunny
La La Land,20/02/2024,Romance,10,10.9,Sunny
Stranger Things: Saison 4: Épisode 6,21/02/2024,Sci-Fi,10,10.7,Rainy
Stranger Things: Saison 4: Épisode 7,21/02/2024,Sci-Fi,8,10.7,Rainy
Inception,21/02/2024,Sci-Fi,9,10.7,Rainy
Stranger Things: Saison 4: Épisode 8,22/02/2024,Sci-Fi,9,14.2,Rainy
Whiplash,22/02/2024,Drama,10,14.2,Rainy
Stranger Things: Saison 4: Épisode 9,23/02/2024,Sci-Fi,9,9.1,Rainy
Winnie the Pooh: Blood and Honey,23/02/2024,Horror,1,9.1,Rainy
Gilmore Girls: Saison 1: Épisode 1,23/02/2024,Drama,9,9.1,Rainy
Gilmore Girls: Saison 1: Épisode 2,23/02/2024,Drama,10,9.1,Rainy
Gilmore Girls: Saison 1: Épisode 3,23/02/2024,Drama,7,9.1,Rainy
The Emoji Movie,24/02/2024,Animation,3,8.8,Rainy
Extraction 2,25/02/2024,Action,7,8.8,Rainy
Red Notice,27/02/2024,Action,5,9.7,Sunny
Friends: Saison 1: Épisode 2,29/02/2024,Comedy,8,10.3,Rainy
Gilmore Girls: Saison 1: Épisode 4,29/02/2024,Drama,9,10.3,Rainy
Gilmore Girls: Saison 1: Épisode 5,29/02/2024,Drama,9,10.3,Rainy
Glass Onion,01/03/2024,Mystery,8,11.1,Rainy
Madame Web,01/03/2024,Action,2,11.1,Rainy
Enola Holmes 2,02/03/2024,Mystery,9,8.7,Rainy
Gilmore Girls: Saison 1: Épisode 6,02/03/2024,Drama,10,8.7,Rainy
Gilmore Girls: Saison 1: Épisode 7,02/03/2024,Drama,10,8.7,Rainy
After,02/03/2024,Romance,1,8.7,Rainy
Gilmore Girls: Saison 1: Épisode 8,03/03/2024,Drama,9,8.7,Rainy
Gilmore Girls: Saison 1: Épisode 9,03/03/2024,Drama,6,8.7,Rainy
Gilmore Girls: Saison 1: Épisode 10,03/03/2024,Drama,9,8.7,Rainy
Gilmore Girls: Saison 1: Épisode 11,03/03/2024,Drama,8,8.7,Rainy
Gilmore Girls: Saison 1: Épisode 12,03/03/2024,Drama,7,8.7,Rainy
The Gray Man,04/03/2024,Action,4,11.2,Rainy
Gilmore Girls: Saison 1: Épisode 14,04/03/2024,Drama,10,11.2,Rainy
Gilmore Girls: Saison 1: Épisode 13,04/03/2024,Drama,9,11.2,Rainy
Brooklyn Nine-Nine: Saison 1: Épisode 3,05/03/2024,Comedy,10,9.4,Rainy
Gilmore Girls: Saison 1: Épisode 15,05/03/2024,Drama,6,9.4,Rainy
Gilmore Girls: Saison 1: Épisode 16,05/03/2024,Drama,7,9.4,Rainy
Gilmore Girls: Saison 1: Épisode 17,05/03/2024,Drama,8,9.4,Rainy
Friends: Saison 1: Épisode 3,06/03/2024,Comedy,7,9.5,Rainy
Gilmore Girls: Saison 1: Épisode 18,06/03/2024,Drama,7,9.5,Rainy
Gilmore Girls: Saison 1: Épisode 19,06/03/2024,Drama,8,9.5,Rainy
Gilmore Girls: Saison 1: Épisode 20,06/03/2024,Drama,8,9.5,Rainy
How I Met Your Mother: Saison 1: Épisode 1,07/03/2024,Comedy,7,12.9,Sunny
Spider-Man: Across the Spider-Verse,07/03/2024,Animation,10,12.9,Sunny
Fast & Furious 9,07/03/2024,Action,4,12.9,Sunny
Spirited Away,07/03/2024,Anime,10,12.9,Sunny
Gilmore Girls: Saison 1: Épisode 22,08/03/2024,Drama,6,13.6,Sunny
Twilight,08/03/2024,Romance,6,13.6,Sunny
Gilmore Girls: Saison 1: Épisode 21,08/03/2024,Drama,6,13.6,Sunny
Sharknado,08/03/2024,Comedy,5,13.6,Sunny
The Kissing Booth,08/03/2024,Romance,6,13.6,Sunny
Gilmore Girls: Saison 2: Épisode 1,09/03/2024,Drama,9,13.9,Rainy
Joker,09/03/2024,Drama,6,13.9,Rainy
Army of the Dead,09/03/2024,Horror,5,13.9,Rainy
Gilmore Girls: Saison 2: Épisode 2,10/03/2024,Drama,6,10.5,Rainy
Gilmore Girls: Saison 2: Épisode 3,10/03/2024,Drama,10,10.5,Rainy
Interstellar,10/03/2024,Sci-Fi,10,10.5,Rainy
Gilmore Girls: Saison 2: Épisode 4,10/03/2024,Drama,8,10.5,Rainy
Gilmore Girls: Saison 2: Épisode 5,10/03/2024,Drama,8,10.5,Rainy
Rebel Moon,10/03/2024,Sci-Fi,6,10.5,Rainy
Gilmore Girls: Saison 2: Épisode 7,11/03/2024,Drama,6,12.1,Rainy
Heart of Stone,11/03/2024,Action,3,12.1,Rainy
The Office (U.S.): Saison 1: Épisode 1,11/03/2024,Comedy,10,12.1,Rainy
Gilmore Girls: Saison 2: Épisode 6,11/03/2024,Drama,7,12.1,Rainy
Gilmore Girls: Saison 2: Épisode 8,12/03/2024,Drama,6,11.4,Rainy
Gilmore Girls: Saison 2: Épisode 9,12/03/2024,Drama,10,11.4,Rainy
Gilmore Girls: Saison 2: Épisode 10,13/03/2024,Drama,8,14.4,Sunny
Gilmore Girls: Saison 2: Épisode 11,13/03/2024,Drama,6,14.4,Sunny
Cats,13/03/2024,Musical,1,14.4,Sunny
Brooklyn Nine-Nine: Saison 1: Épisode 4,14/03/2024,Comedy,9,17.6,Sunny
Gilmore Girls: Saison 2: Épisode 12,15/03/2024,Drama,9,16.1,Rainy
Tall Girl,15/03/2024,Comedy,5,16.1,Rainy
Don't Look Up,16/03/2024,Comedy,9,14.7,Rainy
The Social Network,17/03/2024,Drama,7,15.1,Rainy
La La Land,17/03/2024,Romance,8,15.1,Rainy
Brooklyn Nine-Nine: Saison 1: Épisode 5,18/03/2024,Comedy,8,16.3,Rainy
Rebel Moon,18/03/2024,Sci-Fi,5,16.3,Rainy
How I Met Your Mother: Saison 1: Épisode 2,20/03/2024,Comedy,6,19.0,Sunny
Princess Mononoke,22/03/2024,Anime,7,17.2,Rainy
Gilmore Girls: Saison 2: Épisode 13,22/03/2024,Drama,9,17.2,Rainy
Gilmore Girls: Saison 2: Épisode 14,22/03/2024,Drama,8,17.2,Rainy
Gilmore Girls: Saison 2: Épisode 15,23/03/2024,Drama,8,10.7,Snowy
Gilmore Girls: Saison 2: Épisode 16,23/03/2024,Drama,10,10.7,Snowy
Gilmore Girls: Saison 2: Épisode 17,23/03/2024,Drama,10,10.7,Snowy
Gilmore Girls: Saison 2: Épisode 18,23/03/2024,Drama,8,10.7,Snowy
Gilmore Girls: Saison 2: Épisode 19,23/03/2024,Drama,8,10.7,Snowy
Gilmore Girls: Saison 2: Épisode 20,23/03/2024,Drama,8,10.7,Snowy
Gilmore Girls: Saison 2: Épisode 21,23/03/2024,Drama,7,10.7,Snowy
Gilmore Girls: Saison 2: Épisode 22,23/03/2024,Drama,8,10.7,Snowy
Heart of Stone,24/03/2024,Action,6,11.4,Rainy
Gilmore Girls: Saison 3: Épisode 6,24/03/2024,Drama,7,11.4,Rainy
Gilmore Girls: Saison 3: Épisode 5,24/03/2024,Drama,7,11.4,Rainy
Gilmore Girls: Saison 3: Épisode 7,24/03/2024,Drama,9,11.4,Rainy
Gilmore Girls: Saison 3: Épisode 3,24/03/2024,Drama,7,11.4,Rainy
Gilmore Girls: Saison 3: Épisode 2,24/03/2024,Drama,6,11.4,Rainy
Gilmore Girls: Saison 3: Épisode 4,24/03/2024,Drama,6,11.4,Rainy
Gilmore Girls: Saison 3: Épisode 1,24/03/2024,Drama,10,11.4,Rainy
Brooklyn Nine-Nine: Saison 1: Épisode 6,25/03/2024,Comedy,7,12.9,Sunny
Extraction 2,26/03/2024,Action,6,12.5,Rainy
Gilmore Girls: Saison 3: Épisode 8,27/03/2024,Drama,8,12.6,Rainy
Winnie the Pooh: Blood and Honey,27/03/2024,Horror,2,12.6,Rainy
Brooklyn Nine-Nine: Saison 1: Épisode 7,27/03/2024,Comedy,8,12.6,Rainy
Brooklyn Nine-Nine: Saison 1: Épisode 8,28/03/2024,Comedy,9,12.0,Rainy
Gilmore Girls: Saison 3: Épisode 9,28/03/2024,Drama,7,12.0,Rainy
Murder Mystery,28/03/2024,Comedy,7,12.0,Rainy
Gilmore Girls: Saison 3: Épisode 10,29/03/2024,Drama,7,13.6,Rainy
Gilmore Girls: Saison 3: Épisode 11,29/03/2024,Drama,9,13.6,Rainy
Interstellar,29/03/2024,Sci-Fi,10,13.6,Rainy
Dune: Part One,29/03/2024,Sci-Fi,8,13.6,Rainy
365 Days,30/03/2024,Romance,2,12.2,Rainy
Gilmore Girls: Saison 3: Épisode 15,30/03/2024,Drama,8,12.2,Rainy
Gilmore Girls: Saison 3: Épisode 13,30/03/2024,Drama,10,12.2,Rainy
Gilmore Girls: Saison 3: Épisode 12,30/03/2024,Drama,9,12.2,Rainy
Gilmore Girls: Saison 3: Épisode 14,30/03/2024,Drama,8,12.2,Rainy
Gilmore Girls: Saison 3: Épisode 16,31/03/2024,Drama,9,14.1,Rainy
Gilmore Girls: Saison 3: Épisode 17,31/03/2024,Drama,7,14.1,Rainy
Gilmore Girls: Saison 3: Épisode 18,31/03/2024,Drama,9,14.1,Rainy
Gilmore Girls: Saison 3: Épisode 19,31/03/2024,Drama,9,14.1,Rainy
Gilmore Girls: Saison 3: Épisode 20,31/03/2024,Drama,10,14.1,Rainy
The Office (U.S.): Saison 1: Épisode 2,03/04/2024,Comedy,10,16.3,Rainy
How I Met Your Mother: Saison 1: Épisode 3,04/04/2024,Comedy,8,18.2,Rainy
Spirited Away,04/04/2024,Anime,9,18.2,Rainy
The Dark Knight,05/04/2024,Action,10,18.5,Rainy
Gilmore Girls: Saison 4: Épisode 1,05/04/2024,Drama,9,18.5,Rainy
Gilmore Girls: Saison 3: Épisode 21,05/04/2024,Drama,9,18.5,Rainy
Gilmore Girls: Saison 3: Épisode 22,05/04/2024,Drama,7,18.5,Rainy
Gilmore Girls: Saison 4: Épisode 2,06/04/2024,Drama,10,24.0,Sunny
Whiplash,06/04/2024,Drama,8,24.0,Sunny
Gilmore Girls: Saison 4: Épisode 3,06/04/2024,Drama,6,24.0,Sunny
Gilmore Girls: Saison 4: Épisode 4,06/04/2024,Drama,7,24.0,Sunny
Gilmore Girls: Saison 4: Épisode 5,06/04/2024,Drama,6,24.0,Sunny
Madame Web,06/04/2024,Action,2,24.0,Sunny
Gilmore Girls: Saison 4: Épisode 6,07/04/2024,Drama,9,17.1,Rainy
The Kissing Booth,07/04/2024,Romance,2,17.1,Rainy
Gilmore Girls: Saison 4: Épisode 9,08/04/2024,Drama,8,21.3,Rainy
Gilmore Girls: Saison 4: Épisode 7,08/04/2024,Drama,9,21.3,Rainy
Gilmore Girls: Saison 4: Épisode 8,08/04/2024,Drama,10,21.3,Rainy
Gilmore Girls: Saison 4: Épisode 10,09/04/2024,Drama,7,11.9,Rainy
Twilight,09/04/2024,Romance,5,11.9,Rainy
How I Met Your Mother: Saison 1: Épisode 4,09/04/2024,Comedy,6,11.9,Rainy
Gilmore Girls: Saison 4: Épisode 13,10/04/2024,Drama,6,15.6,Sunny
Gilmore Girls: Saison 4: Épisode 12,10/04/2024,Drama,9,15.6,Sunny
How I Met Your Mother: Saison 1: Épisode 5,10/04/2024,Comedy,9,15.6,Sunny
Gilmore Girls: Saison 4: Épisode 11,10/04/2024,Drama,9,15.6,Sunny
Glass Onion,11/04/2024,Mystery,7,17.6,Rainy
After,11/04/2024,Romance,3,17.6,Rainy
Gilmore Girls: Saison 4: Épisode 14,11/04/2024,Drama,9,17.6,Rainy
Tall Girl,12/04/2024,Comedy,5,22.8,Sunny
Army of the Dead,13/04/2024,Horror,8,24.4,Sunny
Get Out,13/04/2024,Horror,8,24.4,Sunny
The Gray Man,14/04/2024,Action,4,19.6,Sunny
Gilmore Girls: Saison 4: Épisode 15,15/04/2024,Drama,6,13.8,Rainy
Gilmore Girls: Saison 4: Épisode 16,15/04/2024,Drama,10,13.8,Rainy
Gilmore Girls: Saison 4: Épisode 17,15/04/2024,Drama,10,13.8,Rainy
Gilmore Girls: Saison 4: Épisode 18,15/04/2024,Drama,7,13.8,Rainy
6 Underground,16/04/2024,Action,3,12.9,Rainy
Gilmore Girls: Saison 4: Épisode 21,16/04/2024,Drama,6,12.9,Rainy
Gilmore Girls: Saison 4: Épisode 19,16/04/2024,Drama,9,12.9,Rainy
Gilmore Girls: Saison 4: Épisode 20,16/04/2024,Drama,10,12.9,Rainy
Gilmore Girls: Saison 4: Épisode 22,17/04/2024,Drama,8,11.8,Rainy
Gilmore Girls: Saison 5: Épisode 1,17/04/2024,Drama,7,11.8,Rainy
Parasite,19/04/2024,Thriller,10,12.2,Rainy
Dragonball Evolution,19/04/2024,Action,2,12.2,Rainy
Gilmore Girls: Saison 5: Épisode 2,19/04/2024,Drama,8,12.2,Rainy
Gilmore Girls: Saison 5: Épisode 3,19/04/2024,Drama,7,12.2,Rainy
Gilmore Girls: Saison 5: Épisode 4,19/04/2024,Drama,10,12.2,Rainy
Gilmore Girls: Saison 5: Épisode 5,19/04/2024,Drama,8,12.2,Rainy
Enola Holmes 2,20/04/2024,Mystery,8,10.2,Rainy
Gilmore Girls: Saison 5: Épisode 12,21/04/2024,Drama,6,10.9,Rainy
Gilmore Girls: Saison 5: Épisode 8,21/04/2024,Drama,6,10.9,Rainy
Inception,21/04/2024,Sci-Fi,10,10.9,Rainy
Gilmore Girls: Saison 5: Épisode 11,21/04/2024,Drama,8,10.9,Rainy
Gilmore Girls: Saison 5: Épisode 7,21/04/2024,Drama,7,10.9,Rainy
Gilmore Girls: Saison 5: Épisode 9,21/04/2024,Drama,9,10.9,Rainy
Gilmore Girls: Saison 5: Épisode 6,21/04/2024,Drama,7,10.9,Rainy
Gilmore Girls: Saison 5: Épisode 10,21/04/2024,Drama,10,10.9,Rainy
Red Notice,23/04/2024,Action,4,11.2,Sunny
Gilmore Girls: Saison 5: Épisode 13,23/04/2024,Drama,8,11.2,Sunny
Gilmore Girls: Saison 5: Épisode 14,23/04/2024,Drama,6,11.2,Sunny
Cats,23/04/2024,Musical,1,11.2,Sunny
Friends: Saison 1: Épisode 4,24/04/2024,Comedy,10,10.6,Rainy
Gilmore Girls: Saison 5: Épisode 15,24/04/2024,Drama,6,10.6,Rainy
The Emoji Movie,24/04/2024,Animation,2,10.6,Rainy
Gilmore Girls: Saison 5: Épisode 16,24/04/2024,Drama,8,10.6,Rainy
Gilmore Girls: Saison 5: Épisode 18,25/04/2024,Drama,7,12.1,Rainy
Gilmore Girls: Saison 5: Épisode 17,25/04/2024,Drama,9,12.1,Rainy
Spider-Man: Across the Spider-Verse,26/04/2024,Animation,10,15.1,Rainy
Morbius,27/04/2024,Action,3,15.0,Rainy
Gilmore Girls: Saison 5: Épisode 19,27/04/2024,Drama,9,15.0,Rainy
Gilmore Girls: Saison 5: Épisode 20,27/04/2024,Drama,9,15.0,Rainy
Gilmore Girls: Saison 5: Épisode 21,27/04/2024,Drama,9,15.0,Rainy
Gilmore Girls: Saison 5: Épisode 22,28/04/2024,Drama,7,15.4,Rainy
Gilmore Girls: Saison 6: Épisode 1,28/04/2024,Drama,6,15.4,Rainy
Joker,28/04/2024,Drama,10,15.4,Rainy
Gilmore Girls: Saison 6: Épisode 2,29/04/2024,Drama,10,17.9,Rainy
Gilmore Girls: Saison 6: Épisode 3,29/04/2024,Drama,10,17.9,Rainy
Project Power,29/04/2024,Action,3,17.9,Rainy
Bright,30/04/2024,Fantasy,6,18.5,Rainy
Don't Look Up,30/04/2024,Comedy,5,18.5,Rainy
Gilmore Girls: Saison 6: Épisode 4,01/05/2024,Drama,9,19.9,Rainy
The Office (U.S.): Saison 1: Épisode 3,01/05/2024,Comedy,10,19.9,Rainy
Fast & Furious 9,01/05/2024,Action,3,19.9,Rainy
Sharknado,02/05/2024,Comedy,4,15.1,Rainy
Pulp Fiction,03/05/2024,Crime,8,15.6,Rainy
The Social Network,04/05/2024,Drama,10,14.9,Rainy
Gilmore Girls: Saison 6: Épisode 5,05/05/2024,Drama,7,17.6,Rainy
Interstellar,05/05/2024,Sci-Fi,10,17.6,Rainy
Gilmore Girls: Saison 6: Épisode 6,07/05/2024,Drama,9,18.5,Rainy
6 Underground,07/05/2024,Action,5,18.5,Rainy
Brooklyn Nine-Nine: Saison 1: Épisode 9,08/05/2024,Comedy,8,16.2,Sunny
Army of the Dead,08/05/2024,Horror,6,16.2,Sunny
Gilmore Girls: Saison 6: Épisode 7,08/05/2024,Drama,9,16.2,Sunny
Brooklyn Nine-Nine: Saison 1: Épisode 10,09/05/2024,Comedy,9,19.4,Sunny
Gilmore Girls: Saison 6: Épisode 8,09/05/2024,Drama,9,19.4,Sunny
Gilmore Girls: Saison 6: Épisode 9,09/05/2024,Drama,9,19.4,Sunny
The Gray Man,09/05/2024,Action,5,19.4,Sunny
Red Notice,10/05/2024,Action,4,22.5,Sunny
Cats,10/05/2024,Musical,1,22.5,Sunny
Gilmore Girls: Saison 6: Épisode 10,11/05/2024,Drama,8,24.6,Sunny
The Emoji Movie,11/05/2024,Animation,3,24.6,Sunny
Parasite,11/05/2024,Thriller,10,24.6,Sunny
Twilight,12/05/2024,Romance,3,24.3,Rainy
Spirited Away,12/05/2024,Anime,10,24.3,Rainy
How I Met Your Mother: Saison 1: Épisode 6,13/05/2024,Comedy,7,20.8,Sunny
Gilmore Girls: Saison 6: Épisode 11,13/05/2024,Drama,8,20.8,Sunny
Gilmore Girls: Saison 6: Épisode 12,13/05/2024,Drama,8,20.8,Sunny
Joker,13/05/2024,Drama,7,20.8,Sunny
The Office (U.S.): Saison 1: Épisode 4,15/05/2024,Comedy,9,19.0,Rainy
La La Land,15/05/2024,Romance,7,19.0,Rainy
Gilmore Girls: Saison 6: Épisode 17,17/05/2024,Drama,6,18.5,Rainy
Gilmore Girls: Saison 6: Épisode 18,17/05/2024,Drama,6,18.5,Rainy
Gilmore Girls: Saison 6: Épisode 16,17/05/2024,Drama,7,18.5,Rainy
Gilmore Girls: Saison 6: Épisode 15,17/05/2024,Drama,7,18.5,Rainy
Gilmore Girls: Saison 6: Épisode 14,17/05/2024,Drama,6,18.5,Rainy
Morbius,17/05/2024,Action,4,18.5,Rainy
Gilmore Girls: Saison 6: Épisode 13,17/05/2024,Drama,7,18.5,Rainy
Gilmore Girls: Saison 6: Épisode 19,18/05/2024,Drama,9,20.0,Rainy
Gilmore Girls: Saison 6: Épisode 20,18/05/2024,Drama,6,20.0,Rainy
Gilmore Girls: Saison 6: Épisode 21,18/05/2024,Drama,8,20.0,Rainy
The Dark Knight,18/05/2024,Action,10,20.0,Rainy
Gilmore Girls: Saison 7: Épisode 5,19/05/2024,Drama,10,19.1,Rainy
Gilmore Girls: Saison 7: Épisode 4,19/05/2024,Drama,10,19.1,Rainy
Dragonball Evolution,19/05/2024,Action,1,19.1,Rainy
Gilmore Girls: Saison 7: Épisode 6,19/05/2024,Drama,8,19.1,Rainy
Gilmore Girls: Saison 7: Épisode 2,19/05/2024,Drama,7,19.1,Rainy
Gilmore Girls: Saison 7: Épisode 1,19/05/2024,Drama,6,19.1,Rainy
Gilmore Girls: Saison 6: Épisode 22,19/05/2024,Drama,9,19.1,Rainy
Gilmore Girls: Saison 7: Épisode 3,19/05/2024,Drama,7,19.1,Rainy
Brooklyn Nine-Nine: Saison 1: Épisode 11,20/05/2024,Comedy,7,21.4,Rainy
Gilmore Girls: Saison 7: Épisode 7,20/05/2024,Drama,9,21.4,Rainy
Gilmore Girls: Saison 7: Épisode 8,20/05/2024,Drama,10,21.4,Rainy
Gilmore Girls: Saison 7: Épisode 9,21/05/2024,Drama,6,19.2,Rainy
Gilmore Girls: Saison 7: Épisode 10,21/05/2024,Drama,9,19.2,Rainy
How I Met Your Mother: Saison 1: Épisode 7,21/05/2024,Comedy,8,19.2,Rainy
Brooklyn Nine-Nine: Saison 1: Épisode 12,23/05/2024,Comedy,9,18.3,Rainy
Gilmore Girls: Saison 7: Épisode 11,24/05/2024,Drama,10,18.7,Rainy
Gilmore Girls: Saison 7: Épisode 12,24/05/2024,Drama,8,18.7,Rainy
Gilmore Girls: Saison 7: Épisode 13,24/05/2024,Drama,7,18.7,Rainy
Gilmore Girls: Saison 7: Épisode 14,24/05/2024,Drama,10,18.7,Rainy
Gilmore Girls: Saison 7: Épisode 15,24/05/2024,Drama,7,18.7,Rainy
Enola Holmes 2,24/05/2024,Mystery,9,18.7,Rainy
The Social Network,25/05/2024,Drama,10,20.1,Rainy
Gilmore Girls: Saison 7: Épisode 19,25/05/2024,Drama,9,20.1,Rainy
Gilmore Girls: Saison 7: Épisode 18,25/05/2024,Drama,9,20.1,Rainy
Gilmore Girls: Saison 7: Épisode 17,25/05/2024,Drama,8,20.1,Rainy
Gilmore Girls: Saison 7: Épisode 16,25/05/2024,Drama,8,20.1,Rainy
Gilmore Girls: Saison 7: Épisode 20,26/05/2024,Drama,10,20.5,Rainy
Gilmore Girls: Saison 7: Épisode 21,26/05/2024,Drama,6,20.5,Rainy
365 Days,26/05/2024,Romance,2,20.5,Rainy
Gilmore Girls: Saison 7: Épisode 22,26/05/2024,Drama,7,20.5,Rainy
Bridgerton: Saison 1: Épisode 1,26/05/2024,Romance,5,20.5,Rainy
Bridgerton: Saison 1: Épisode 2,26/05/2024,Romance,8,20.5,Rainy
Bridgerton: Saison 1: Épisode 3,26/05/2024,Romance,8,20.5,Rainy
Bridgerton: Saison 1: Épisode 4,26/05/2024,Romance,7,20.5,Rainy
Bright,27/05/2024,Fantasy,7,16.7,Rainy
Glass Onion,27/05/2024,Mystery,6,16.7,Rainy
Brooklyn Nine-Nine: Saison 1: Épisode 13,27/05/2024,Comedy,6,16.7,Rainy
Fast & Furious 9,27/05/2024,Action,6,16.7,Rainy
Bridgerton: Saison 1: Épisode 5,28/05/2024,Romance,9,16.6,Rainy
Bridgerton: Saison 1: Épisode 6,28/05/2024,Romance,8,16.6,Rainy
Friends: Saison 1: Épisode 5,29/05/2024,Comedy,6,17.5,Rainy
Bridgerton: Saison 1: Épisode 7,29/05/2024,Romance,7,17.5,Rainy
Princess Mononoke,29/05/2024,Anime,10,17.5,Rainy
Bridgerton: Saison 1: Épisode 8,29/05/2024,Romance,6,17.5,Rainy
The Office (U.S.): Saison 1: Épisode 5,30/05/2024,Comedy,10,16.3,Rainy
Whiplash,31/05/2024,Drama,9,16.9,Rainy
Bridgerton: Saison 2: Épisode 1,31/05/2024,Romance,9,16.9,Rainy
Heart of Stone,31/05/2024,Action,7,16.9,Rainy
Bridgerton: Saison 2: Épisode 6,01/06/2024,Romance,8,14.9,Rainy
Bridgerton: Saison 2: Épisode 8,01/06/2024,Romance,6,14.9,Rainy
Bridgerton: Saison 2: Épisode 5,01/06/2024,Romance,8,14.9,Rainy
Bridgerton: Saison 2: Épisode 7,01/06/2024,Romance,5,14.9,Rainy
Bridgerton: Saison 2: Épisode 3,01/06/2024,Romance,7,14.9,Rainy
Get Out,01/06/2024,Horror,10,14.9,Rainy
Bridgerton: Saison 2: Épisode 4,01/06/2024,Romance,6,14.9,Rainy
Bridgerton: Saison 2: Épisode 2,01/06/2024,Romance,7,14.9,Rainy
Bridgerton: Saison 3: Épisode 1,02/06/2024,Romance,8,17.5,Sunny
Bridgerton: Saison 3: Épisode 2,02/06/2024,Romance,7,17.5,Sunny
Pulp Fiction,02/06/2024,Crime,7,17.5,Sunny
Sharknado,03/06/2024,Comedy,5,19.8,Rainy
The Office (U.S.): Saison 1: Épisode 6,04/06/2024,Comedy,10,21.9,Rainy
Don't Look Up,04/06/2024,Comedy,5,21.9,Rainy
Bridgerton: Saison 3: Épisode 3,05/06/2024,Romance,7,18.4,Rainy
Bridgerton: Saison 3: Épisode 4,05/06/2024,Romance,5,18.4,Rainy
Bridgerton: Saison 3: Épisode 5,05/06/2024,Romance,8,18.4,Rainy
Bridgerton: Saison 3: Épisode 6,05/06/2024,Romance,9,18.4,Rainy
Bridgerton: Saison 3: Épisode 7,06/06/2024,Romance,9,19.2,Sunny
Project Power,06/06/2024,Action,4,19.2,Sunny
Friends: Saison 1: Épisode 6,06/06/2024,Comedy,8,19.2,Sunny
Madame Web,07/06/2024,Action,2,20.3,Sunny
Peaky Blinders: Saison 1: Épisode 6,08/06/2024,Crime,10,21.0,Sunny
Bridgerton: Saison 3: Épisode 8,08/06/2024,Romance,5,21.0,Sunny
Peaky Blinders: Saison 1: Épisode 1,08/06/2024,Crime,10,21.0,Sunny
Peaky Blinders: Saison 1: Épisode 2,08/06/2024,Crime,10,21.0,Sunny
Peaky Blinders: Saison 1: Épisode 3,08/06/2024,Crime,10,21.0,Sunny
Peaky Blinders: Saison 1: Épisode 4,08/06/2024,Crime,7,21.0,Sunny
Peaky Blinders: Saison 1: Épisode 5,08/06/2024,Crime,7,21.0,Sunny
Peaky Blinders: Saison 2: Épisode 1,08/06/2024,Crime,7,21.0,Sunny
Dune: Part One,09/06/2024,Sci-Fi,7,20.0,Sunny
Peaky Blinders: Saison 2: Épisode 2,10/06/2024,Crime,9,16.2,Rainy
The Kissing Booth,10/06/2024,Romance,2,16.2,Rainy
Peaky Blinders: Saison 2: Épisode 3,11/06/2024,Crime,9,16.6,Rainy
Winnie the Pooh: Blood and Honey,11/06/2024,Horror,2,16.6,Rainy
Peaky Blinders: Saison 2: Épisode 4,13/06/2024,Crime,9,19.5,Rainy
Peaky Blinders: Saison 2: Épisode 5,13/06/2024,Crime,8,19.5,Rainy
After,14/06/2024,Romance,1,21.1,Rainy
Peaky Blinders: Saison 2: Épisode 6,14/06/2024,Crime,10,21.1,Rainy
Peaky Blinders: Saison 3: Épisode 1,15/06/2024,Crime,8,17.6,Rainy
Peaky Blinders: Saison 3: Épisode 2,15/06/2024,Crime,7,17.6,Rainy
Peaky Blinders: Saison 3: Épisode 3,15/06/2024,Crime,7,17.6,Rainy
Peaky Blinders: Saison 3: Épisode 4,15/06/2024,Crime,8,17.6,Rainy
Extraction 2,15/06/2024,Action,8,17.6,Rainy
Peaky Blinders: Saison 3: Épisode 5,16/06/2024,Crime,8,19.5,Rainy
Peaky Blinders: Saison 3: Épisode 6,16/06/2024,Crime,7,19.5,Rainy
Peaky Blinders: Saison 4: Épisode 1,16/06/2024,Crime,8,19.5,Rainy
Peaky Blinders: Saison 4: Épisode 2,16/06/2024,Crime,10,19.5,Rainy
Spider-Man: Across the Spider-Verse,16/06/2024,Animation,10,19.5,Rainy
The Office (U.S.): Saison 1: Épisode 7,17/06/2024,Comedy,9,21.9,Rainy
Peaky Blinders: Saison 4: Épisode 3,17/06/2024,Crime,10,21.9,Rainy
Peaky Blinders: Saison 4: Épisode 4,17/06/2024,Crime,8,21.9,Rainy
Peaky Blinders: Saison 5: Épisode 1,18/06/2024,Crime,10,22.2,Rainy
Tall Girl,18/06/2024,Comedy,3,22.2,Rainy
Peaky Blinders: Saison 4: Épisode 6,18/06/2024,Crime,10,22.2,Rainy
Peaky Blinders: Saison 4: Épisode 5,18/06/2024,Crime,10,22.2,Rainy
Peaky Blinders: Saison 5: Épisode 2,20/06/2024,Crime,9,22.1,Rainy
Rebel Moon,20/06/2024,Sci-Fi,5,22.1,Rainy
Peaky Blinders: Saison 5: Épisode 3,21/06/2024,Crime,7,22.0,Rainy
Peaky Blinders: Saison 5: Épisode 4,21/06/2024,Crime,8,22.0,Rainy
Peaky Blinders: Saison 5: Épisode 5,21/06/2024,Crime,10,22.0,Rainy
Inception,21/06/2024,Sci-Fi,10,22.0,Rainy
Peaky Blinders: Saison 5: Épisode 6,21/06/2024,Crime,8,22.0,Rainy
Peaky Blinders: Saison 6: Épisode 1,21/06/2024,Crime,7,22.0,Rainy
Murder Mystery,21/06/2024,Comedy,6,22.0,Rainy
Peaky Blinders: Saison 6: Épisode 2,22/06/2024,Crime,7,19.5,Rainy
Peaky Blinders: Saison 6: Épisode 3,22/06/2024,Crime,10,19.5,Rainy
Peaky Blinders: Saison 6: Épisode 4,22/06/2024,Crime,10,19.5,Rainy
Rebel Moon,22/06/2024,Sci-Fi,3,19.5,Rainy
Heart of Stone,23/06/2024,Action,4,23.8,Sunny
Peaky Blinders: Saison 6: Épisode 5,23/06/2024,Crime,8,23.8,Sunny
Peaky Blinders: Saison 6: Épisode 6,23/06/2024,Crime,9,23.8,Sunny
Friends: Saison 1: Épisode 7,24/06/2024,Comedy,10,26.1,Sunny
Extraction 2,24/06/2024,Action,6,26.1,Sunny
Mindhunter: Saison 1: Épisode 1,25/06/2024,Thriller,10,27.8,Sunny
Mindhunter: Saison 1: Épisode 2,25/06/2024,Thriller,10,27.8,Sunny
Mindhunter: Saison 1: Épisode 3,25/06/2024,Thriller,9,27.8,Sunny
Mindhunter: Saison 1: Épisode 4,26/06/2024,Thriller,7,29.7,Sunny
Mindhunter: Saison 1: Épisode 5,26/06/2024,Thriller,8,29.7,Sunny
Get Out,26/06/2024,Horror,6,29.7,Sunny
Friends: Saison 1: Épisode 8,27/06/2024,Comedy,6,28.5,Rainy
Bright,27/06/2024,Fantasy,7,28.5,Rainy
The Gray Man,27/06/2024,Action,7,28.5,Rainy
The Kissing Booth,28/06/2024,Romance,5,22.0,Sunny
Dune: Part One,28/06/2024,Sci-Fi,10,22.0,Sunny
The Dark Knight,28/06/2024,Action,9,22.0,Sunny
Mindhunter: Saison 1: Épisode 6,28/06/2024,Thriller,9,22.0,Sunny
Mindhunter: Saison 1: Épisode 7,28/06/2024,Thriller,7,22.0,Sunny
Mindhunter: Saison 1: Épisode 8,28/06/2024,Thriller,7,22.0,Sunny
Mindhunter: Saison 1: Épisode 9,29/06/2024,Thriller,8,22.5,Rainy
Whiplash,29/06/2024,Drama,7,22.5,Rainy
Mindhunter: Saison 2: Épisode 1,29/06/2024,Thriller,7,22.5,Rainy
Princess Mononoke,29/06/2024,Anime,7,22.5,Rainy
The Emoji Movie,30/06/2024,Animation,3,22.2,Rainy
Mindhunter: Saison 2: Épisode 3,01/07/2024,Thriller,7,19.9,Rainy
Mindhunter: Saison 2: Épisode 2,01/07/2024,Thriller,10,19.9,Rainy
Mindhunter: Saison 2: Épisode 4,02/07/2024,Thriller,9,19.9,Rainy
Mindhunter: Saison 2: Épisode 6,02/07/2024,Thriller,8,19.9,Rainy
Don't Look Up,02/07/2024,Comedy,9,19.9,Rainy
Mindhunter: Saison 2: Épisode 5,02/07/2024,Thriller,8,19.9,Rainy
Inception,03/07/2024,Sci-Fi,8,20.5,Rainy
Mindhunter: Saison 2: Épisode 7,03/07/2024,Thriller,9,20.5,Rainy
Brooklyn Nine-Nine: Saison 1: Épisode 14,04/07/2024,Comedy,9,21.4,Rainy
Madame Web,04/07/2024,Action,2,21.4,Rainy
Mindhunter: Saison 2: Épisode 8,05/07/2024,Thriller,7,23.9,Sunny
Mindhunter: Saison 2: Épisode 9,05/07/2024,Thriller,10,23.9,Sunny
Squid Game: Saison 1: Épisode 1,05/07/2024,Thriller,6,23.9,Sunny
Squid Game: Saison 1: Épisode 2,05/07/2024,Thriller,9,23.9,Sunny
Squid Game: Saison 1: Épisode 3,05/07/2024,Thriller,7,23.9,Sunny
Squid Game: Saison 1: Épisode 4,06/07/2024,Thriller,7,20.8,Rainy
Squid Game: Saison 1: Épisode 5,06/07/2024,Thriller,7,20.8,Rainy
Squid Game: Saison 1: Épisode 6,06/07/2024,Thriller,10,20.8,Rainy
Squid Game: Saison 1: Épisode 7,06/07/2024,Thriller,7,20.8,Rainy
Winnie the Pooh: Blood and Honey,06/07/2024,Horror,1,20.8,Rainy
Sharknado,06/07/2024,Comedy,5,20.8,Rainy
Riverdale: Saison 1: Épisode 1,07/07/2024,Drama,5,20.8,Rainy
Joker,07/07/2024,Drama,8,20.8,Rainy
Squid Game: Saison 1: Épisode 9,07/07/2024,Thriller,7,20.8,Rainy
Squid Game: Saison 1: Épisode 8,07/07/2024,Thriller,6,20.8,Rainy
Brooklyn Nine-Nine: Saison 1: Épisode 15,08/07/2024,Comedy,8,23.0,Sunny
Brooklyn Nine-Nine: Saison 1: Épisode 16,09/07/2024,Comedy,10,27.1,Rainy
Tall Girl,09/07/2024,Comedy,6,27.1,Rainy
Spirited Away,10/07/2024,Anime,10,25.3,Rainy
Grey's Anatomy: Saison 1: Épisode 1,10/07/2024,Drama,9,25.3,Rainy
Grey's Anatomy: Saison 1: Épisode 2,10/07/2024,Drama,8,25.3,Rainy
Grey's Anatomy: Saison 1: Épisode 3,11/07/2024,Drama,5,23.9,Rainy
6 Underground,11/07/2024,Action,5,23.9,Rainy
Grey's Anatomy: Saison 1: Épisode 4,11/07/2024,Drama,9,23.9,Rainy
Spider-Man: Across the Spider-Verse,12/07/2024,Animation,10,19.3,Rainy
Murder Mystery,13/07/2024,Comedy,6,20.5,Rainy
Grey's Anatomy: Saison 1: Épisode 8,13/07/2024,Drama,5,20.5,Rainy
Grey's Anatomy: Saison 1: Épisode 6,13/07/2024,Drama,5,20.5,Rainy
Grey's Anatomy: Saison 1: Épisode 5,13/07/2024,Drama,9,20.5,Rainy
Grey's Anatomy: Saison 1: Épisode 7,13/07/2024,Drama,6,20.5,Rainy
La La Land,14/07/2024,Romance,10,22.6,Sunny
Grey's Anatomy: Saison 1: Épisode 9,15/07/2024,Drama,7,26.9,Rainy
Fast & Furious 9,15/07/2024,Action,5,26.9,Rainy
Grey's Anatomy: Saison 1: Épisode 10,17/07/2024,Drama,9,24.2,Sunny
Grey's Anatomy: Saison 1: Épisode 11,17/07/2024,Drama,6,24.2,Sunny
Cats,17/07/2024,Musical,1,24.2,Sunny
Army of the Dead,19/07/2024,Horror,5,31.8,Rainy
Grey's Anatomy: Saison 1: Épisode 12,20/07/2024,Drama,5,30.4,Rainy
Grey's Anatomy: Saison 1: Épisode 13,20/07/2024,Drama,7,30.4,Rainy
Glass Onion,20/07/2024,Mystery,5,30.4,Rainy
Project Power,21/07/2024,Action,3,25.1,Rainy
Grey's Anatomy: Saison 1: Épisode 14,21/07/2024,Drama,9,25.1,Rainy
Brooklyn Nine-Nine: Saison 1: Épisode 17,22/07/2024,Comedy,9,24.6,Sunny
Grey's Anatomy: Saison 1: Épisode 15,22/07/2024,Drama,5,24.6,Sunny
Twilight,22/07/2024,Romance,6,24.6,Sunny
The Office (U.S.): Saison 1: Épisode 8,23/07/2024,Comedy,10,23.7,Rainy
Grey's Anatomy: Saison 1: Épisode 16,23/07/2024,Drama,8,23.7,Rainy
Enola Holmes 2,23/07/2024,Mystery,7,23.7,Rainy
365 Days,25/07/2024,Romance,2,28.3,Rainy
Grey's Anatomy: Saison 1: Épisode 17,26/07/2024,Drama,6,23.9,Rainy
Grey's Anatomy: Saison 1: Épisode 18,26/07/2024,Drama,8,23.9,Rainy
Grey's Anatomy: Saison 1: Épisode 19,26/07/2024,Drama,9,23.9,Rainy
Interstellar,26/07/2024,Sci-Fi,8,23.9,Rainy
Grey's Anatomy: Saison 1: Épisode 23,27/07/2024,Drama,7,19.7,Rainy
Grey's Anatomy: Saison 1: Épisode 22,27/07/2024,Drama,9,19.7,Rainy
Grey's Anatomy: Saison 1: Épisode 24,27/07/2024,Drama,6,19.7,Rainy
Grey's Anatomy: Saison 1: Épisode 20,27/07/2024,Drama,5,19.7,Rainy
Grey's Anatomy: Saison 1: Épisode 21,27/07/2024,Drama,9,19.7,Rainy
Grey's Anatomy: Saison 2: Épisode 1,27/07/2024,Drama,6,19.7,Rainy
The Social Network,28/07/2024,Drama,7,24.5,Sunny
Grey's Anatomy: Saison 2: Épisode 2,29/07/2024,Drama,7,29.3,Sunny
Grey's Anatomy: Saison 2: Épisode 3,29/07/2024,Drama,9,29.3,Sunny
After,29/07/2024,Romance,4,29.3,Sunny
The Office (U.S.): Saison 1: Épisode 9,30/07/2024,Comedy,8,33.8,Sunny
Red Notice,30/07/2024,Action,7,33.8,Sunny
Grey's Anatomy: Saison 2: Épisode 4,31/07/2024,Drama,8,31.3,Rainy
Grey's Anatomy: Saison 2: Épisode 5,31/07/2024,Drama,9,31.3,Rainy
Grey's Anatomy: Saison 2: Épisode 6,31/07/2024,Drama,8,31.3,Rainy
Parasite,01/08/2024,Thriller,10,28.6,Rainy
Grey's Anatomy: Saison 2: Épisode 7,02/08/2024,Drama,5,27.1,Rainy
Grey's Anatomy: Saison 2: Épisode 8,02/08/2024,Drama,7,27.1,Rainy
Pulp Fiction,02/08/2024,Crime,8,27.1,Rainy
Grey's Anatomy: Saison 2: Épisode 9,02/08/2024,Drama,5,27.1,Rainy
Grey's Anatomy: Saison 2: Épisode 11,03/08/2024,Drama,7,24.2,Rainy
Dragonball Evolution,03/08/2024,Action,1,24.2,Rainy
Grey's Anatomy: Saison 2: Épisode 10,03/08/2024,Drama,7,24.2,Rainy
Morbius,04/08/2024,Action,5,23.4,Sunny
The Office (U.S.): Saison 1: Épisode 10,05/08/2024,Comedy,10,27.6,Sunny
Grey's Anatomy: Saison 2: Épisode 12,06/08/2024,Drama,5,28.5,Sunny
6 Underground,06/08/2024,Action,6,28.5,Sunny
Winnie the Pooh: Blood and Honey,07/08/2024,Horror,1,23.6,Rainy
How I Met Your Mother: Saison 1: Épisode 8,08/08/2024,Comedy,5,27.1,Sunny
Grey's Anatomy: Saison 2: Épisode 13,08/08/2024,Drama,7,27.1,Sunny
Grey's Anatomy: Saison 2: Épisode 14,08/08/2024,Drama,5,27.1,Sunny
Murder Mystery,09/08/2024,Comedy,4,25.3,Rainy
Princess Mononoke,10/08/2024,Anime,8,27.6,Sunny
Grey's Anatomy: Saison 2: Épisode 15,10/08/2024,Drama,9,27.6,Sunny
After,10/08/2024,Romance,1,27.6,Sunny
Glass Onion,11/08/2024,Mystery,9,31.9,Sunny
Red Notice,11/08/2024,Action,6,31.9,Sunny
Grey's Anatomy: Saison 2: Épisode 20,11/08/2024,Drama,6,31.9,Sunny
Grey's Anatomy: Saison 2: Épisode 17,11/08/2024,Drama,8,31.9,Sunny
Grey's Anatomy: Saison 2: Épisode 18,11/08/2024,Drama,9,31.9,Sunny
Grey's Anatomy: Saison 2: Épisode 16,11/08/2024,Drama,5,31.9,Sunny
Grey's Anatomy: Saison 2: Épisode 19,11/08/2024,Drama,9,31.9,Sunny
Interstellar,13/08/2024,Sci-Fi,10,27.2,Rainy
How I Met Your Mother: Saison 1: Épisode 9,14/08/2024,Comedy,7,25.9,Rainy
La La Land,14/08/2024,Romance,8,25.9,Rainy
Grey's Anatomy: Saison 2: Épisode 21,15/08/2024,Drama,5,25.9,Rainy
Grey's Anatomy: Saison 2: Épisode 22,15/08/2024,Drama,6,25.9,Rainy
Grey's Anatomy: Saison 2: Épisode 23,15/08/2024,Drama,8,25.9,Rainy
The Social Network,15/08/2024,Drama,10,25.9,Rainy
Joker,16/08/2024,Drama,8,25.5,Rainy
Grey's Anatomy: Saison 2: Épisode 24,17/08/2024,Drama,8,21.6,Rainy
Project Power,17/08/2024,Action,7,21.6,Rainy
Don't Look Up,18/08/2024,Comedy,5,22.0,Rainy
The Gray Man,18/08/2024,Action,5,22.0,Rainy
The Dark Knight,19/08/2024,Action,10,22.1,Sunny
Brooklyn Nine-Nine: Saison 1: Épisode 18,21/08/2024,Comedy,9,21.0,Sunny
Whiplash,21/08/2024,Drama,10,21.0,Sunny
The Office (U.S.): Saison 1: Épisode 11,22/08/2024,Comedy,10,24.6,Sunny
The Emoji Movie,23/08/2024,Animation,4,24.2,Rainy
Grey's Anatomy: Saison 3: Épisode 1,23/08/2024,Drama,7,24.2,Rainy
Grey's Anatomy: Saison 3: Épisode 2,23/08/2024,Drama,9,24.2,Rainy
Grey's Anatomy: Saison 3: Épisode 3,23/08/2024,Drama,5,24.2,Rainy
Grey's Anatomy: Saison 3: Épisode 4,23/08/2024,Drama,9,24.2,Rainy
Grey's Anatomy: Saison 3: Épisode 5,23/08/2024,Drama,7,24.2,Rainy
Morbius,24/08/2024,Action,3,29.0,Rainy
Grey's Anatomy: Saison 3: Épisode 9,24/08/2024,Drama,7,29.0,Rainy
Grey's Anatomy: Saison 3: Épisode 10,24/08/2024,Drama,6,29.0,Rainy
Grey's Anatomy: Saison 3: Épisode 7,24/08/2024,Drama,8,29.0,Rainy
Grey's Anatomy: Saison 3: Épisode 8,24/08/2024,Drama,7,29.0,Rainy
Grey's Anatomy: Saison 3: Épisode 6,24/08/2024,Drama,6,29.0,Rainy
Grey's Anatomy: Saison 3: Épisode 11,25/08/2024,Drama,6,21.2,Sunny
Grey's Anatomy: Saison 3: Épisode 12,25/08/2024,Drama,9,21.2,Sunny
Grey's Anatomy: Saison 3: Épisode 13,25/08/2024,Drama,7,21.2,Sunny
Grey's Anatomy: Saison 3: Épisode 14,25/08/2024,Drama,9,21.2,Sunny
Grey's Anatomy: Saison 3: Épisode 15,25/08/2024,Drama,8,21.2,Sunny
The Office (U.S.): Saison 1: Épisode 12,26/08/2024,Comedy,10,23.0,Sunny
The Office (U.S.): Saison 1: Épisode 13,27/08/2024,Comedy,10,26.0,Sunny
Tall Girl,27/08/2024,Comedy,2,26.0,Sunny
Grey's Anatomy: Saison 3: Épisode 16,27/08/2024,Drama,7,26.0,Sunny
Inception,27/08/2024,Sci-Fi,9,26.0,Sunny
Bright,28/08/2024,Fantasy,7,30.8,Sunny
Grey's Anatomy: Saison 3: Épisode 17,28/08/2024,Drama,6,30.8,Sunny
Cats,29/08/2024,Musical,3,25.1,Rainy
Grey's Anatomy: Saison 3: Épisode 18,30/08/2024,Drama,8,22.0,Rainy
Grey's Anatomy: Saison 3: Épisode 19,30/08/2024,Drama,5,22.0,Rainy
Dune: Part One,30/08/2024,Sci-Fi,8,22.0,Rainy
Twilight,30/08/2024,Romance,2,22.0,Rainy
Grey's Anatomy: Saison 3: Épisode 20,31/08/2024,Drama,9,25.5,Rainy
Grey's Anatomy: Saison 3: Épisode 21,31/08/2024,Drama,9,25.5,Rainy
Fast & Furious 9,31/08/2024,Action,4,25.5,Rainy
Grey's Anatomy: Saison 3: Épisode 22,01/09/2024,Drama,8,28.0,Rainy
Extraction 2,01/09/2024,Action,7,28.0,Rainy
Army of the Dead,02/09/2024,Horror,5,24.4,Rainy
How I Met Your Mother: Saison 1: Épisode 10,02/09/2024,Comedy,7,24.4,Rainy
Grey's Anatomy: Saison 3: Épisode 23,02/09/2024,Drama,5,24.4,Rainy
Grey's Anatomy: Saison 4: Épisode 2,03/09/2024,Drama,7,22.1,Rainy
Grey's Anatomy: Saison 4: Épisode 3,03/09/2024,Drama,5,22.1,Rainy
Grey's Anatomy: Saison 3: Épisode 24,03/09/2024,Drama,9,22.1,Rainy
Grey's Anatomy: Saison 4: Épisode 1,03/09/2024,Drama,5,22.1,Rainy
Friends: Saison 1: Épisode 9,04/09/2024,Comedy,10,21.8,Rainy
Grey's Anatomy: Saison 4: Épisode 4,05/09/2024,Drama,7,17.2,Rainy
Grey's Anatomy: Saison 4: Épisode 5,05/09/2024,Drama,6,17.2,Rainy
365 Days,05/09/2024,Romance,3,17.2,Rainy
Grey's Anatomy: Saison 4: Épisode 6,05/09/2024,Drama,6,17.2,Rainy
Grey's Anatomy: Saison 4: Épisode 7,06/09/2024,Drama,8,23.0,Sunny
Sharknado,06/09/2024,Comedy,3,23.0,Sunny
Grey's Anatomy: Saison 4: Épisode 8,06/09/2024,Drama,5,23.0,Sunny
Pulp Fiction,06/09/2024,Crime,10,23.0,Sunny
Parasite,07/09/2024,Thriller,10,23.5,Rainy
Grey's Anatomy: Saison 4: Épisode 12,07/09/2024,Drama,8,23.5,Rainy
Spirited Away,07/09/2024,Anime,9,23.5,Rainy
Grey's Anatomy: Saison 4: Épisode 13,07/09/2024,Drama,5,23.5,Rainy
Grey's Anatomy: Saison 4: Épisode 10,07/09/2024,Drama,6,23.5,Rainy
Grey's Anatomy: Saison 4: Épisode 9,07/09/2024,Drama,6,23.5,Rainy
Grey's Anatomy: Saison 4: Épisode 11,07/09/2024,Drama,7,23.5,Rainy
Grey's Anatomy: Saison 4: Épisode 14,08/09/2024,Drama,9,20.4,Rainy
Spider-Man: Across the Spider-Verse,08/09/2024,Animation,10,20.4,Rainy
Heart of Stone,09/09/2024,Action,5,20.0,Rainy
Grey's Anatomy: Saison 4: Épisode 16,10/09/2024,Drama,8,17.6,Sunny
Get Out,10/09/2024,Horror,8,17.6,Sunny
Grey's Anatomy: Saison 4: Épisode 15,10/09/2024,Drama,6,17.6,Sunny
Friends: Saison 1: Épisode 10,11/09/2024,Comedy,7,16.3,Rainy
Grey's Anatomy: Saison 4: Épisode 17,11/09/2024,Drama,6,16.3,Rainy
Grey's Anatomy: Saison 4: Épisode 18,11/09/2024,Drama,6,16.3,Rainy
The Kissing Booth,11/09/2024,Romance,5,16.3,Rainy
Grey's Anatomy: Saison 4: Épisode 22,12/09/2024,Drama,9,15.2,Rainy
Grey's Anatomy: Saison 4: Épisode 19,12/09/2024,Drama,8,15.2,Rainy
Grey's Anatomy: Saison 4: Épisode 20,12/09/2024,Drama,8,15.2,Rainy
Grey's Anatomy: Saison 4: Épisode 21,12/09/2024,Drama,6,15.2,Rainy
Madame Web,13/09/2024,Action,1,16.6,Rainy
Grey's Anatomy: Saison 4: Épisode 23,13/09/2024,Drama,8,16.6,Rainy
Grey's Anatomy: Saison 4: Épisode 24,14/09/2024,Drama,9,16.5,Sunny
Enola Holmes 2,14/09/2024,Mystery,8,16.5,Sunny
Grey's Anatomy: Saison 5: Épisode 1,14/09/2024,Drama,9,16.5,Sunny
Rebel Moon,14/09/2024,Sci-Fi,2,16.5,Sunny
Grey's Anatomy: Saison 5: Épisode 2,15/09/2024,Drama,8,18.5,Sunny
Dragonball Evolution,15/09/2024,Action,1,18.5,Sunny
Friends: Saison 1: Épisode 11,16/09/2024,Comedy,6,19.1,Rainy
Grey's Anatomy: Saison 5: Épisode 3,16/09/2024,Drama,5,19.1,Rainy
Princess Mononoke,16/09/2024,Anime,7,19.1,Rainy
Grey's Anatomy: Saison 5: Épisode 4,18/09/2024,Drama,6,23.6,Rainy
Grey's Anatomy: Saison 5: Épisode 5,18/09/2024,Drama,5,23.6,Rainy
Grey's Anatomy: Saison 5: Épisode 6,19/09/2024,Drama,6,25.0,Sunny
The Kissing Booth,19/09/2024,Romance,6,25.0,Sunny
Project Power,20/09/2024,Action,3,20.8,Rainy
Grey's Anatomy: Saison 5: Épisode 7,20/09/2024,Drama,5,20.8,Rainy
Grey's Anatomy: Saison 5: Épisode 8,21/09/2024,Drama,7,23.6,Rainy
Grey's Anatomy: Saison 5: Épisode 9,21/09/2024,Drama,9,23.6,Rainy
Grey's Anatomy: Saison 5: Épisode 10,21/09/2024,Drama,9,23.6,Rainy
Grey's Anatomy: Saison 5: Épisode 11,21/09/2024,Drama,6,23.6,Rainy
Grey's Anatomy: Saison 5: Épisode 12,21/09/2024,Drama,8,23.6,Rainy
Spider-Man: Across the Spider-Verse,21/09/2024,Animation,10,23.6,Rainy
Grey's Anatomy: Saison 5: Épisode 13,22/09/2024,Drama,5,20.9,Rainy
Glass Onion,22/09/2024,Mystery,5,20.9,Rainy
Grey's Anatomy: Saison 5: Épisode 14,23/09/2024,Drama,8,19.1,Rainy
Grey's Anatomy: Saison 5: Épisode 15,23/09/2024,Drama,9,19.1,Rainy
Grey's Anatomy: Saison 5: Épisode 16,23/09/2024,Drama,6,19.1,Rainy
Grey's Anatomy: Saison 5: Épisode 17,23/09/2024,Drama,7,19.1,Rainy
Grey's Anatomy: Saison 5: Épisode 19,24/09/2024,Drama,6,17.9,Rainy
Grey's Anatomy: Saison 5: Épisode 20,24/09/2024,Drama,5,17.9,Rainy
Grey's Anatomy: Saison 5: Épisode 18,24/09/2024,Drama,7,17.9,Rainy
Grey's Anatomy: Saison 5: Épisode 21,25/09/2024,Drama,6,17.0,Rainy
Grey's Anatomy: Saison 5: Épisode 22,25/09/2024,Drama,8,17.0,Rainy
Grey's Anatomy: Saison 5: Épisode 23,25/09/2024,Drama,5,17.0,Rainy
Dune: Part One,25/09/2024,Sci-Fi,7,17.0,Rainy
Brooklyn Nine-Nine: Saison 1: Épisode 19,26/09/2024,Comedy,7,18.8,Rainy
Cats,26/09/2024,Musical,1,18.8,Rainy
Morbius,27/09/2024,Action,5,16.0,Rainy
Grey's Anatomy: Saison 5: Épisode 24,28/09/2024,Drama,5,13.8,Rainy
Grey's Anatomy: Saison 6: Épisode 1,28/09/2024,Drama,7,13.8,Rainy
Whiplash,28/09/2024,Drama,10,13.8,Rainy
Grey's Anatomy: Saison 6: Épisode 2,29/09/2024,Drama,8,14.9,Sunny
Tall Girl,29/09/2024,Comedy,3,14.9,Sunny
The Social Network,30/09/2024,Drama,8,18.0,Rainy
Brooklyn Nine-Nine: Saison 1: Épisode 20,30/09/2024,Comedy,10,18.0,Rainy
Grey's Anatomy: Saison 6: Épisode 3,30/09/2024,Drama,8,18.0,Rainy
Spirited Away,01/10/2024,Anime,8,17.3,Sunny
La La Land,02/10/2024,Romance,9,16.4,Rainy
How I Met Your Mother: Saison 1: Épisode 11,03/10/2024,Comedy,7,14.4,Rainy
The Gray Man,04/10/2024,Action,6,15.4,Sunny
Grey's Anatomy: Saison 6: Épisode 4,05/10/2024,Drama,9,16.5,Sunny
Pulp Fiction,05/10/2024,Crime,10,16.5,Sunny
Grey's Anatomy: Saison 6: Épisode 5,06/10/2024,Drama,7,16.8,Rainy
6 Underground,06/10/2024,Action,4,16.8,Rainy
Friends: Saison 1: Épisode 12,07/10/2024,Comedy,7,18.0,Rainy
Extraction 2,07/10/2024,Action,7,18.0,Rainy
The Office (U.S.): Saison 1: Épisode 14,08/10/2024,Comedy,9,19.2,Rainy
Grey's Anatomy: Saison 6: Épisode 6,09/10/2024,Drama,5,16.8,Rainy
Madame Web,09/10/2024,Action,1,16.8,Rainy
Joker,09/10/2024,Drama,10,16.8,Rainy
Twilight,10/10/2024,Romance,2,15.6,Rainy
Grey's Anatomy: Saison 6: Épisode 7,10/10/2024,Drama,7,15.6,Rainy
Friends: Saison 1: Épisode 13,10/10/2024,Comedy,7,15.6,Rainy
Grey's Anatomy: Saison 6: Épisode 8,11/10/2024,Drama,5,13.6,Sunny
Grey's Anatomy: Saison 6: Épisode 9,11/10/2024,Drama,8,13.6,Sunny
The Emoji Movie,11/10/2024,Animation,4,13.6,Sunny
Grey's Anatomy: Saison 6: Épisode 10,11/10/2024,Drama,6,13.6,Sunny
Grey's Anatomy: Saison 6: Épisode 11,12/10/2024,Drama,6,15.2,Rainy
Grey's Anatomy: Saison 6: Épisode 12,12/10/2024,Drama,8,15.2,Rainy
Grey's Anatomy: Saison 6: Épisode 13,12/10/2024,Drama,5,15.2,Rainy
Grey's Anatomy: Saison 6: Épisode 14,12/10/2024,Drama,5,15.2,Rainy
Grey's Anatomy: Saison 6: Épisode 15,12/10/2024,Drama,7,15.2,Rainy
Army of the Dead,12/10/2024,Horror,4,15.2,Rainy
Grey's Anatomy: Saison 6: Épisode 16,13/10/2024,Drama,9,14.6,Sunny
Fast & Furious 9,13/10/2024,Action,4,14.6,Sunny
Sharknado,13/10/2024,Comedy,1,14.6,Sunny
Friends: Saison 1: Épisode 14,15/10/2024,Comedy,8,20.0,Rainy
Grey's Anatomy: Saison 6: Épisode 17,15/10/2024,Drama,6,20.0,Rainy
Grey's Anatomy: Saison 6: Épisode 18,15/10/2024,Drama,5,20.0,Rainy
Grey's Anatomy: Saison 6: Épisode 19,15/10/2024,Drama,9,20.0,Rainy
Grey's Anatomy: Saison 6: Épisode 20,15/10/2024,Drama,6,20.0,Rainy
Grey's Anatomy: Saison 6: Épisode 21,16/10/2024,Drama,7,24.6,Rainy
Grey's Anatomy: Saison 6: Épisode 22,16/10/2024,Drama,6,24.6,Rainy
Brooklyn Nine-Nine: Saison 1: Épisode 21,17/10/2024,Comedy,7,18.1,Rainy
Grey's Anatomy: Saison 6: Épisode 23,17/10/2024,Drama,5,18.1,Rainy
After,17/10/2024,Romance,3,18.1,Rainy
Grey's Anatomy: Saison 6: Épisode 24,17/10/2024,Drama,7,18.1,Rainy
Dragonball Evolution,18/10/2024,Action,1,15.9,Rainy
Grey's Anatomy: Saison 7: Épisode 4,18/10/2024,Drama,9,15.9,Rainy
Grey's Anatomy: Saison 7: Épisode 5,18/10/2024,Drama,7,15.9,Rainy
Grey's Anatomy: Saison 7: Épisode 2,18/10/2024,Drama,9,15.9,Rainy
Grey's Anatomy: Saison 7: Épisode 1,18/10/2024,Drama,9,15.9,Rainy
Grey's Anatomy: Saison 7: Épisode 3,18/10/2024,Drama,5,15.9,Rainy
Grey's Anatomy: Saison 7: Épisode 6,19/10/2024,Drama,7,16.5,Rainy
Grey's Anatomy: Saison 7: Épisode 7,19/10/2024,Drama,9,16.5,Rainy
Interstellar,19/10/2024,Sci-Fi,10,16.5,Rainy
Grey's Anatomy: Saison 7: Épisode 8,20/10/2024,Drama,9,18.2,Rainy
Grey's Anatomy: Saison 7: Épisode 9,20/10/2024,Drama,8,18.2,Rainy
Red Notice,20/10/2024,Action,7,18.2,Rainy
Inception,21/10/2024,Sci-Fi,9,20.8,Rainy
Don't Look Up,21/10/2024,Comedy,8,20.8,Rainy
The Office (U.S.): Saison 1: Épisode 15,22/10/2024,Comedy,10,16.4,Sunny
Heart of Stone,22/10/2024,Action,5,16.4,Sunny
365 Days,23/10/2024,Romance,1,16.5,Sunny
Grey's Anatomy: Saison 7: Épisode 11,23/10/2024,Drama,9,16.5,Sunny
How I Met Your Mother: Saison 1: Épisode 12,23/10/2024,Comedy,5,16.5,Sunny
Grey's Anatomy: Saison 7: Épisode 10,23/10/2024,Drama,8,16.5,Sunny
Grey's Anatomy: Saison 7: Épisode 12,24/10/2024,Drama,9,17.7,Sunny
Grey's Anatomy: Saison 7: Épisode 13,24/10/2024,Drama,5,17.7,Sunny
Grey's Anatomy: Saison 7: Épisode 14,24/10/2024,Drama,8,17.7,Sunny
Winnie the Pooh: Blood and Honey,24/10/2024,Horror,1,17.7,Sunny
Grey's Anatomy: Saison 7: Épisode 17,25/10/2024,Drama,5,19.5,Rainy
Grey's Anatomy: Saison 7: Épisode 16,25/10/2024,Drama,8,19.5,Rainy
Parasite,25/10/2024,Thriller,10,19.5,Rainy
Grey's Anatomy: Saison 7: Épisode 15,25/10/2024,Drama,5,19.5,Rainy
Grey's Anatomy: Saison 7: Épisode 18,26/10/2024,Drama,5,17.8,Rainy
Grey's Anatomy: Saison 7: Épisode 19,26/10/2024,Drama,6,17.8,Rainy
Grey's Anatomy: Saison 7: Épisode 20,26/10/2024,Drama,7,17.8,Rainy
Grey's Anatomy: Saison 7: Épisode 21,26/10/2024,Drama,7,17.8,Rainy
Enola Holmes 2,26/10/2024,Mystery,8,17.8,Rainy
Grey's Anatomy: Saison 8: Épisode 3,27/10/2024,Drama,5,16.2,Rainy
Grey's Anatomy: Saison 8: Épisode 1,27/10/2024,Drama,9,16.2,Rainy
Grey's Anatomy: Saison 8: Épisode 2,27/10/2024,Drama,5,16.2,Rainy
Grey's Anatomy: Saison 7: Épisode 23,27/10/2024,Drama,6,16.2,Rainy
Grey's Anatomy: Saison 7: Épisode 24,27/10/2024,Drama,6,16.2,Rainy
Grey's Anatomy: Saison 7: Épisode 22,27/10/2024,Drama,8,16.2,Rainy
Grey's Anatomy: Saison 8: Épisode 4,28/10/2024,Drama,9,17.5,Sunny
Bright,28/10/2024,Fantasy,5,17.5,Sunny
How I Met Your Mother: Saison 1: Épisode 13,29/10/2024,Comedy,9,14.4,Sunny
The Dark Knight,29/10/2024,Action,10,14.4,Sunny
Brooklyn Nine-Nine: Saison 1: Épisode 22,30/10/2024,Comedy,7,15.1,Sunny
Grey's Anatomy: Saison 8: Épisode 8,01/11/2024,Drama,6,11.8,Rainy
Grey's Anatomy: Saison 8: Épisode 7,01/11/2024,Drama,8,11.8,Rainy
Rebel Moon,01/11/2024,Sci-Fi,3,11.8,Rainy
Get Out,01/11/2024,Horror,10,11.8,Rainy
Grey's Anatomy: Saison 8: Épisode 6,01/11/2024,Drama,9,11.8,Rainy
Grey's Anatomy: Saison 8: Épisode 5,01/11/2024,Drama,6,11.8,Rainy
Murder Mystery,01/11/2024,Comedy,5,11.8,Rainy
Grey's Anatomy: Saison 8: Épisode 9,02/11/2024,Drama,9,12.6,Rainy
Whiplash,02/11/2024,Drama,10,12.6,Rainy
Grey's Anatomy: Saison 8: Épisode 10,03/11/2024,Drama,6,12.9,Sunny
Grey's Anatomy: Saison 8: Épisode 11,03/11/2024,Drama,7,12.9,Sunny
Get Out,03/11/2024,Horror,9,12.9,Sunny
Sharknado,08/11/2024,Comedy,2,11.3,Sunny
Grey's Anatomy: Saison 8: Épisode 12,09/11/2024,Drama,5,13.5,Sunny
Don't Look Up,09/11/2024,Comedy,9,13.5,Sunny
Cats,10/11/2024,Musical,2,11.9,Rainy
The Gray Man,10/11/2024,Action,7,11.9,Rainy
Grey's Anatomy: Saison 8: Épisode 13,11/11/2024,Drama,6,13.4,Rainy
Grey's Anatomy: Saison 8: Épisode 14,11/11/2024,Drama,5,13.4,Rainy
Grey's Anatomy: Saison 8: Épisode 15,11/11/2024,Drama,7,13.4,Rainy
Grey's Anatomy: Saison 8: Épisode 16,11/11/2024,Drama,6,13.4,Rainy
Grey's Anatomy: Saison 8: Épisode 18,12/11/2024,Drama,5,10.5,Rainy
Grey's Anatomy: Saison 8: Épisode 17,12/11/2024,Drama,8,10.5,Rainy
Grey's Anatomy: Saison 8: Épisode 19,13/11/2024,Drama,9,9.1,Sunny
The Kissing Booth,13/11/2024,Romance,3,9.1,Sunny
Rebel Moon,15/11/2024,Sci-Fi,2,10.5,Sunny
Grey's Anatomy: Saison 8: Épisode 20,15/11/2024,Drama,6,10.5,Sunny
Grey's Anatomy: Saison 8: Épisode 21,15/11/2024,Drama,5,10.5,Sunny
Grey's Anatomy: Saison 8: Épisode 22,15/11/2024,Drama,6,10.5,Sunny
Grey's Anatomy: Saison 8: Épisode 23,15/11/2024,Drama,9,10.5,Sunny
Grey's Anatomy: Saison 8: Épisode 24,15/11/2024,Drama,7,10.5,Sunny
Parasite,16/11/2024,Thriller,10,9.4,Sunny
Dune: Part One,17/11/2024,Sci-Fi,6,10.4,Rainy
Enola Holmes 2,18/11/2024,Mystery,6,10.6,Rainy
Dragonball Evolution,18/11/2024,Action,1,10.6,Rainy
How I Met Your Mother: Saison 1: Épisode 14,19/11/2024,Comedy,5,12.0,Rainy
Grey's Anatomy: Saison 9: Épisode 2,20/11/2024,Drama,7,6.7,Rainy
Brooklyn Nine-Nine: Saison 2: Épisode 1,20/11/2024,Comedy,6,6.7,Rainy
Grey's Anatomy: Saison 9: Épisode 1,20/11/2024,Drama,9,6.7,Rainy
Grey's Anatomy: Saison 9: Épisode 3,21/11/2024,Drama,5,1.2,Snowy
La La Land,21/11/2024,Romance,8,1.2,Snowy
Heart of Stone,22/11/2024,Action,7,3.5,Snowy
Grey's Anatomy: Saison 9: Épisode 4,22/11/2024,Drama,7,3.5,Snowy
Grey's Anatomy: Saison 9: Épisode 5,22/11/2024,Drama,5,3.5,Snowy
Grey's Anatomy: Saison 9: Épisode 6,22/11/2024,Drama,7,3.5,Snowy
Grey's Anatomy: Saison 9: Épisode 7,22/11/2024,Drama,9,3.5,Snowy
Grey's Anatomy: Saison 9: Épisode 8,22/11/2024,Drama,9,3.5,Snowy
Grey's Anatomy: Saison 9: Épisode 11,23/11/2024,Drama,6,12.4,Sunny
Grey's Anatomy: Saison 9: Épisode 9,23/11/2024,Drama,7,12.4,Sunny
Grey's Anatomy: Saison 9: Épisode 10,23/11/2024,Drama,6,12.4,Sunny
Grey's Anatomy: Saison 9: Épisode 12,23/11/2024,Drama,7,12.4,Sunny
Madame Web,24/11/2024,Action,1,17.9,Sunny
Grey's Anatomy: Saison 9: Épisode 13,25/11/2024,Drama,7,17.7,Rainy
Project Power,25/11/2024,Action,7,17.7,Rainy
Friends: Saison 1: Épisode 15,27/11/2024,Comedy,7,13.4,Rainy
365 Days,27/11/2024,Romance,1,13.4,Rainy
Grey's Anatomy: Saison 9: Épisode 14,27/11/2024,Drama,8,13.4,Rainy
Army of the Dead,27/11/2024,Horror,5,13.4,Rainy
Grey's Anatomy: Saison 9: Épisode 15,28/11/2024,Drama,8,8.8,Sunny
Grey's Anatomy: Saison 9: Épisode 16,28/11/2024,Drama,5,8.8,Sunny
Morbius,28/11/2024,Action,4,8.8,Sunny
After,29/11/2024,Romance,2,7.9,Sunny
Grey's Anatomy: Saison 9: Épisode 17,30/11/2024,Drama,8,6.3,Sunny
Red Notice,30/11/2024,Action,5,6.3,Sunny
Grey's Anatomy: Saison 9: Épisode 19,01/12/2024,Drama,5,11.0,Sunny
Winnie the Pooh: Blood and Honey,01/12/2024,Horror,1,11.0,Sunny
Grey's Anatomy: Saison 9: Épisode 18,01/12/2024,Drama,5,11.0,Sunny
Friends: Saison 1: Épisode 16,02/12/2024,Comedy,9,12.1,Rainy
Fast & Furious 9,02/12/2024,Action,6,12.1,Rainy
Pulp Fiction,02/12/2024,Crime,10,12.1,Rainy
Bright,02/12/2024,Fantasy,3,12.1,Rainy
The Office (U.S.): Saison 1: Épisode 16,03/12/2024,Comedy,8,8.1,Rainy
Spirited Away,03/12/2024,Anime,8,8.1,Rainy
The Office (U.S.): Saison 1: Épisode 17,04/12/2024,Comedy,10,6.9,Sunny
Murder Mystery,04/12/2024,Comedy,4,6.9,Sunny
Grey's Anatomy: Saison 9: Épisode 20,06/12/2024,Drama,6,13.4,Rainy
Spider-Man: Across the Spider-Verse,06/12/2024,Animation,10,13.4,Rainy
Princess Mononoke,06/12/2024,Anime,9,13.4,Rainy
The Emoji Movie,07/12/2024,Animation,1,11.8,Rainy
Tall Girl,08/12/2024,Comedy,3,8.4,Rainy
Grey's Anatomy: Saison 9: Épisode 22,10/12/2024,Drama,5,6.1,Rainy
6 Underground,10/12/2024,Action,6,6.1,Rainy
Grey's Anatomy: Saison 9: Épisode 21,10/12/2024,Drama,6,6.1,Rainy
The Office (U.S.): Saison 1: Épisode 18,10/12/2024,Comedy,8,6.1,Rainy
Grey's Anatomy: Saison 9: Épisode 23,11/12/2024,Drama,9,5.6,Rainy
Grey's Anatomy: Saison 9: Épisode 24,11/12/2024,Drama,9,5.6,Rainy
Grey's Anatomy: Saison 10: Épisode 1,11/12/2024,Drama,8,5.6,Rainy
Glass Onion,11/12/2024,Mystery,7,5.6,Rainy
Grey's Anatomy: Saison 10: Épisode 2,13/12/2024,Drama,7,3.3,Sunny
Grey's Anatomy: Saison 10: Épisode 3,13/12/2024,Drama,6,3.3,Sunny
Inception,13/12/2024,Sci-Fi,10,3.3,Sunny
Interstellar,14/12/2024,Sci-Fi,9,4.9,Sunny
Grey's Anatomy: Saison 10: Épisode 4,15/12/2024,Drama,9,9.6,Sunny
Grey's Anatomy: Saison 10: Épisode 5,15/12/2024,Drama,7,9.6,Sunny
Twilight,15/12/2024,Romance,5,9.6,Sunny
Grey's Anatomy: Saison 10: Épisode 6,16/12/2024,Drama,7,10.4,Sunny
The Dark Knight,16/12/2024,Action,10,10.4,Sunny
How I Met Your Mother: Saison 1: Épisode 15,16/12/2024,Comedy,7,10.4,Sunny
How I Met Your Mother: Saison 1: Épisode 16,17/12/2024,Comedy,5,8.3,Sunny
Grey's Anatomy: Saison 10: Épisode 7,18/12/2024,Drama,9,13.7,Rainy
Grey's Anatomy: Saison 10: Épisode 8,18/12/2024,Drama,5,13.7,Rainy
The Social Network,19/12/2024,Drama,10,13.7,Snowy
Joker,20/12/2024,Drama,8,7.9,Rainy
Grey's Anatomy: Saison 10: Épisode 9,20/12/2024,Drama,8,7.9,Rainy
Grey's Anatomy: Saison 10: Épisode 10,20/12/2024,Drama,9,7.9,Rainy
Extraction 2,20/12/2024,Action,8,7.9,Rainy
Grey's Anatomy: Saison 10: Épisode 11,20/12/2024,Drama,5,7.9,Rainy
Grey's Anatomy: Saison 10: Épisode 12,20/12/2024,Drama,9,7.9,Rainy
Grey's Anatomy: Saison 10: Épisode 13,20/12/2024,Drama,9,7.9,Rainy
Grey's Anatomy: Saison 10: Épisode 19,21/12/2024,Drama,9,10.9,Rainy
The Social Network,21/12/2024,Drama,8,10.9,Rainy
Grey's Anatomy: Saison 10: Épisode 18,21/12/2024,Drama,9,10.9,Rainy
Grey's Anatomy: Saison 10: Épisode 20,21/12/2024,Drama,8,10.9,Rainy
Grey's Anatomy: Saison 10: Épisode 16,21/12/2024,Drama,6,10.9,Rainy
Grey's Anatomy: Saison 10: Épisode 15,21/12/2024,Drama,5,10.9,Rainy
Grey's Anatomy: Saison 10: Épisode 14,21/12/2024,Drama,5,10.9,Rainy
Grey's Anatomy: Saison 10: Épisode 17,21/12/2024,Drama,5,10.9,Rainy
Grey's Anatomy: Saison 10: Épisode 21,22/12/2024,Drama,9,11.3,Snowy
Grey's Anatomy: Saison 10: Épisode 22,22/12/2024,Drama,9,11.3,Snowy
Grey's Anatomy: Saison 10: Épisode 23,22/12/2024,Drama,9,11.3,Snowy
Grey's Anatomy: Saison 10: Épisode 24,22/12/2024,Drama,7,11.3,Snowy
Grey's Anatomy: Saison 11: Épisode 1,22/12/2024,Drama,8,11.3,Snowy
Grey's Anatomy: Saison 11: Épisode 2,22/12/2024,Drama,7,11.3,Snowy
Grey's Anatomy: Saison 11: Épisode 3,22/12/2024,Drama,5,11.3,Snowy
Dragonball Evolution,23/12/2024,Action,1,7.4,Snowy
Madame Web,23/12/2024,Action,2,7.4,Snowy
365 Days,24/12/2024,Romance,1,9.6,Rainy
Grey's Anatomy: Saison 11: Épisode 5,24/12/2024,Drama,7,9.6,Rainy
Grey's Anatomy: Saison 11: Épisode 4,24/12/2024,Drama,5,9.6,Rainy
Don't Look Up,25/12/2024,Comedy,9,10.7,Sunny
Brooklyn Nine-Nine: Saison 2: Épisode 2,26/12/2024,Comedy,10,8.4,Sunny
The Gray Man,27/12/2024,Action,4,5.3,Sunny
Grey's Anatomy: Saison 11: Épisode 6,27/12/2024,Drama,5,5.3,Sunny
Cats,27/12/2024,Musical,1,5.3,Sunny
Grey's Anatomy: Saison 11: Épisode 7,28/12/2024,Drama,8,1.5,Sunny
Grey's Anatomy: Saison 11: Épisode 8,28/12/2024,Drama,9,1.5,Sunny
Grey's Anatomy: Saison 11: Épisode 9,28/12/2024,Drama,5,1.5,Sunny
Rebel Moon,28/12/2024,Sci-Fi,5,1.5,Sunny
Grey's Anatomy: Saison 11: Épisode 10,29/12/2024,Drama,6,4.7,Sunny
Grey's Anatomy: Saison 11: Épisode 11,29/12/2024,Drama,6,4.7,Sunny
Grey's Anatomy: Saison 11: Épisode 12,29/12/2024,Drama,5,4.7,Sunny
Grey's Anatomy: Saison 11: Épisode 13,29/12/2024,Drama,8,4.7,Sunny
Army of the Dead,29/12/2024,Horror,8,4.7,Sunny
Bright,30/12/2024,Fantasy,5,4.1,Rainy
Spirited Away,31/12/2024,Anime,10,5.6,Sunny
Grey's Anatomy: Saison 11: Épisode 14,31/12/2024,Drama,9,5.6,Sunny
Extraction 2,31/12/2024,Action,6,5.6,Sunny
Grey's Anatomy: Saison 11: Épisode 15,01/01/2025,Drama,7,8.8,Rainy
Grey's Anatomy: Saison 11: Épisode 16,01/01/2025,Drama,9,8.8,Rainy
Grey's Anatomy: Saison 11: Épisode 17,01/01/2025,Drama,7,8.8,Rainy
Grey's Anatomy: Saison 11: Épisode 18,01/01/2025,Drama,6,8.8,Rainy
Parasite,02/01/2025,Thriller,10,9.7,Snowy
Grey's Anatomy: Saison 11: Épisode 20,02/01/2025,Drama,9,9.7,Snowy
Grey's Anatomy: Saison 11: Épisode 19,02/01/2025,Drama,8,9.7,Snowy
Grey's Anatomy: Saison 11: Épisode 21,03/01/2025,Drama,9,4.1,Sunny
Fast & Furious 9,03/01/2025,Action,6,4.1,Sunny
Get Out,03/01/2025,Horror,7,4.1,Sunny
Winnie the Pooh: Blood and Honey,04/01/2025,Horror,1,2.2,Snowy
Red Notice,05/01/2025,Action,4,12.4,Rainy
Grey's Anatomy: Saison 12: Épisode 2,05/01/2025,Drama,9,12.4,Rainy
Grey's Anatomy: Saison 12: Épisode 1,05/01/2025,Drama,8,12.4,Rainy
The Dark Knight,05/01/2025,Action,9,12.4,Rainy
Grey's Anatomy: Saison 11: Épisode 23,05/01/2025,Drama,7,12.4,Rainy
Grey's Anatomy: Saison 11: Épisode 22,05/01/2025,Drama,7,12.4,Rainy
Grey's Anatomy: Saison 11: Épisode 24,05/01/2025,Drama,9,12.4,Rainy
Enola Holmes 2,06/01/2025,Mystery,5,12.8,Rainy
Grey's Anatomy: Saison 12: Épisode 3,06/01/2025,Drama,5,12.8,Rainy
Grey's Anatomy: Saison 12: Épisode 4,06/01/2025,Drama,6,12.8,Rainy
Grey's Anatomy: Saison 12: Épisode 5,07/01/2025,Drama,7,6.8,Snowy
Morbius,07/01/2025,Action,1,6.8,Snowy
Grey's Anatomy: Saison 12: Épisode 6,07/01/2025,Drama,8,6.8,Snowy
The Emoji Movie,07/01/2025,Animation,2,6.8,Snowy
Whiplash,08/01/2025,Drama,10,11.9,Rainy
The Office (U.S.): Saison 1: Épisode 19,08/01/2025,Comedy,8,11.9,Rainy
Grey's Anatomy: Saison 12: Épisode 9,10/01/2025,Drama,7,5.4,Snowy
Grey's Anatomy: Saison 12: Épisode 10,10/01/2025,Drama,8,5.4,Snowy
Grey's Anatomy: Saison 12: Épisode 7,10/01/2025,Drama,7,5.4,Snowy
Grey's Anatomy: Saison 12: Épisode 8,10/01/2025,Drama,7,5.4,Snowy
Grey's Anatomy: Saison 12: Épisode 11,11/01/2025,Drama,8,2.1,Sunny
Dune: Part One,11/01/2025,Sci-Fi,10,2.1,Sunny
Grey's Anatomy: Saison 12: Épisode 12,11/01/2025,Drama,8,2.1,Sunny
Grey's Anatomy: Saison 12: Épisode 13,11/01/2025,Drama,8,2.1,Sunny
Grey's Anatomy: Saison 12: Épisode 14,11/01/2025,Drama,8,2.1,Sunny
Interstellar,11/01/2025,Sci-Fi,8,2.1,Sunny
Joker,12/01/2025,Drama,9,4.1,Sunny
Friends: Saison 1: Épisode 17,13/01/2025,Comedy,8,4.1,Sunny
Spider-Man: Across the Spider-Verse,13/01/2025,Animation,9,4.1,Sunny
Grey's Anatomy: Saison 12: Épisode 15,14/01/2025,Drama,5,2.5,Sunny
La La Land,14/01/2025,Romance,7,2.5,Sunny
Grey's Anatomy: Saison 12: Épisode 16,14/01/2025,Drama,8,2.5,Sunny
Princess Mononoke,14/01/2025,Anime,7,2.5,Sunny
Grey's Anatomy: Saison 12: Épisode 19,15/01/2025,Drama,5,5.6,Rainy
Grey's Anatomy: Saison 12: Épisode 18,15/01/2025,Drama,9,5.6,Rainy
Grey's Anatomy: Saison 12: Épisode 17,15/01/2025,Drama,6,5.6,Rainy
Brooklyn Nine-Nine: Saison 2: Épisode 3,16/01/2025,Comedy,10,5.2,Sunny
The Kissing Booth,16/01/2025,Romance,6,5.2,Sunny
Grey's Anatomy: Saison 12: Épisode 20,16/01/2025,Drama,8,5.2,Sunny
Inception,17/01/2025,Sci-Fi,10,3.2,Sunny
Grey's Anatomy: Saison 12: Épisode 21,17/01/2025,Drama,8,3.2,Sunny
Grey's Anatomy: Saison 12: Épisode 22,17/01/2025,Drama,6,3.2,Sunny
Grey's Anatomy: Saison 12: Épisode 23,17/01/2025,Drama,7,3.2,Sunny
Grey's Anatomy: Saison 12: Épisode 24,17/01/2025,Drama,5,3.2,Sunny
Grey's Anatomy: Saison 13: Épisode 1,17/01/2025,Drama,8,3.2,Sunny
After,18/01/2025,Romance,1,2.2,Sunny
Project Power,18/01/2025,Action,6,2.2,Sunny
Grey's Anatomy: Saison 13: Épisode 2,19/01/2025,Drama,6,0.9,Sunny
Tall Girl,19/01/2025,Comedy,2,0.9,Sunny
Twilight,19/01/2025,Romance,5,0.9,Sunny
Murder Mystery,21/01/2025,Comedy,6,4.3,Sunny
Grey's Anatomy: Saison 13: Épisode 4,21/01/2025,Drama,6,4.3,Sunny
Friends: Saison 1: Épisode 18,21/01/2025,Comedy,10,4.3,Sunny
Grey's Anatomy: Saison 13: Épisode 3,21/01/2025,Drama,8,4.3,Sunny
Heart of Stone,21/01/2025,Action,5,4.3,Sunny
Grey's Anatomy: Saison 13: Épisode 5,22/01/2025,Drama,5,8.9,Rainy
Grey's Anatomy: Saison 13: Épisode 6,22/01/2025,Drama,6,8.9,Rainy
Grey's Anatomy: Saison 13: Épisode 7,22/01/2025,Drama,7,8.9,Rainy
Glass Onion,22/01/2025,Mystery,9,8.9,Rainy
How I Met Your Mother: Saison 1: Épisode 17,23/01/2025,Comedy,7,8.9,Rainy
Grey's Anatomy: Saison 13: Épisode 8,23/01/2025,Drama,6,8.9,Rainy
Sharknado,23/01/2025,Comedy,1,8.9,Rainy
Grey's Anatomy: Saison 13: Épisode 9,24/01/2025,Drama,8,12.2,Rainy
6 Underground,24/01/2025,Action,7,12.2,Rainy
Grey's Anatomy: Saison 13: Épisode 10,25/01/2025,Drama,7,11.6,Rainy
Pulp Fiction,25/01/2025,Crime,7,11.6,Rainy
Dragonball Evolution,26/01/2025,Action,1,9.8,Snowy
Grey's Anatomy: Saison 13: Épisode 12,27/01/2025,Drama,6,12.4,Rainy
Grey's Anatomy: Saison 13: Épisode 11,27/01/2025,Drama,8,12.4,Rainy
The Emoji Movie,28/01/2025,Animation,4,11.0,Rainy
Friends: Saison 1: Épisode 19,29/01/2025,Comedy,9,8.3,Rainy
The Social Network,29/01/2025,Drama,8,8.3,Rainy
How I Met Your Mother: Saison 1: Épisode 18,30/01/2025,Comedy,7,8.0,Rainy
Grey's Anatomy: Saison 13: Épisode 13,30/01/2025,Drama,8,8.0,Rainy
Enola Holmes 2,30/01/2025,Mystery,5,8.0,Rainy
Grey's Anatomy: Saison 13: Épisode 14,31/01/2025,Drama,9,4.9,Rainy
Grey's Anatomy: Saison 13: Épisode 15,31/01/2025,Drama,6,4.9,Rainy
Twilight,31/01/2025,Romance,6,4.9,Rainy
Murder Mystery,01/02/2025,Comedy,6,6.5,Sunny
Grey's Anatomy: Saison 13: Épisode 16,01/02/2025,Drama,9,6.5,Sunny
Grey's Anatomy: Saison 13: Épisode 17,01/02/2025,Drama,7,6.5,Sunny
Grey's Anatomy: Saison 13: Épisode 18,01/02/2025,Drama,9,6.5,Sunny
Grey's Anatomy: Saison 13: Épisode 19,01/02/2025,Drama,7,6.5,Sunny
How I Met Your Mother: Saison 1: Épisode 19,03/02/2025,Comedy,8,5.4,Sunny
How I Met Your Mother: Saison 1: Épisode 20,06/02/2025,Comedy,6,5.1,Rainy
365 Days,07/02/2025,Romance,1,6.3,Rainy
Army of the Dead,07/02/2025,Horror,8,6.3,Rainy
Grey's Anatomy: Saison 13: Épisode 20,08/02/2025,Drama,5,6.8,Rainy
Project Power,08/02/2025,Action,3,6.8,Rainy
Grey's Anatomy: Saison 13: Épisode 21,09/02/2025,Drama,7,7.1,Rainy
Grey's Anatomy: Saison 13: Épisode 22,09/02/2025,Drama,9,7.1,Rainy
Grey's Anatomy: Saison 13: Épisode 23,09/02/2025,Drama,8,7.1,Rainy
Grey's Anatomy: Saison 13: Épisode 24,09/02/2025,Drama,8,7.1,Rainy
Friends: Saison 1: Épisode 20,11/02/2025,Comedy,7,6.3,Sunny
Grey's Anatomy: Saison 14: Épisode 1,11/02/2025,Drama,6,6.3,Sunny
Interstellar,11/02/2025,Sci-Fi,8,6.3,Sunny
Grey's Anatomy: Saison 14: Épisode 2,12/02/2025,Drama,8,5.4,Rainy
Inception,12/02/2025,Sci-Fi,10,5.4,Rainy
Madame Web,13/02/2025,Action,3,6.6,Rainy
Red Notice,13/02/2025,Action,7,6.6,Rainy
Whiplash,13/02/2025,Drama,10,6.6,Rainy
Grey's Anatomy: Saison 14: Épisode 3,14/02/2025,Drama,7,4.5,Sunny
Grey's Anatomy: Saison 14: Épisode 4,14/02/2025,Drama,7,4.5,Sunny
Grey's Anatomy: Saison 14: Épisode 5,14/02/2025,Drama,6,4.5,Sunny
Grey's Anatomy: Saison 14: Épisode 6,14/02/2025,Drama,8,4.5,Sunny
Grey's Anatomy: Saison 14: Épisode 7,14/02/2025,Drama,5,4.5,Sunny
Grey's Anatomy: Saison 14: Épisode 8,15/02/2025,Drama,8,4.2,Sunny
Grey's Anatomy: Saison 14: Épisode 9,15/02/2025,Drama,6,4.2,Sunny
Rebel Moon,15/02/2025,Sci-Fi,4,4.2,Sunny
Grey's Anatomy: Saison 14: Épisode 10,15/02/2025,Drama,7,4.2,Sunny
Glass Onion,15/02/2025,Mystery,5,4.2,Sunny
Heart of Stone,16/02/2025,Action,5,6.2,Sunny
The Office (U.S.): Saison 1: Épisode 20,17/02/2025,Comedy,10,6.4,Sunny
Grey's Anatomy: Saison 14: Épisode 11,18/02/2025,Drama,6,7.9,Sunny
Parasite,18/02/2025,Thriller,10,7.9,Sunny
How I Met Your Mother: Saison 1: Épisode 21,18/02/2025,Comedy,9,7.9,Sunny
Grey's Anatomy: Saison 14: Épisode 12,19/02/2025,Drama,5,9.7,Sunny
Pulp Fiction,19/02/2025,Crime,8,9.7,Sunny
Grey's Anatomy: Saison 14: Épisode 13,19/02/2025,Drama,5,9.7,Sunny
The Office (U.S.): Saison 1: Épisode 21,20/02/2025,Comedy,9,13.6,Rainy
6 Underground,20/02/2025,Action,4,13.6,Rainy
Cats,20/02/2025,Musical,1,13.6,Rainy
Grey's Anatomy: Saison 14: Épisode 14,21/02/2025,Drama,7,15.6,Sunny
Grey's Anatomy: Saison 14: Épisode 15,21/02/2025,Drama,9,15.6,Sunny
Grey's Anatomy: Saison 14: Épisode 16,21/02/2025,Drama,5,15.6,Sunny
Don't Look Up,21/02/2025,Comedy,9,15.6,Sunny
Joker,22/02/2025,Drama,10,12.8,Rainy
Grey's Anatomy: Saison 14: Épisode 17,22/02/2025,Drama,9,12.8,Rainy
Grey's Anatomy: Saison 14: Épisode 18,22/02/2025,Drama,7,12.8,Rainy
Grey's Anatomy: Saison 14: Épisode 19,22/02/2025,Drama,7,12.8,Rainy
Sharknado,23/02/2025,Comedy,2,14.0,Sunny
Brooklyn Nine-Nine: Saison 2: Épisode 4,24/02/2025,Comedy,7,12.3,Rainy
Grey's Anatomy: Saison 14: Épisode 20,25/02/2025,Drama,6,8.9,Rainy
The Gray Man,25/02/2025,Action,3,8.9,Rainy
Extraction 2,26/02/2025,Action,5,10.8,Rainy
Brooklyn Nine-Nine: Saison 2: Épisode 5,27/02/2025,Comedy,10,9.7,Rainy
Grey's Anatomy: Saison 14: Épisode 21,27/02/2025,Drama,5,9.7,Rainy
Dune: Part One,27/02/2025,Sci-Fi,9,9.7,Rainy
La La Land,28/02/2025,Romance,8,8.9,Rainy
Grey's Anatomy: Saison 14: Épisode 22,01/03/2025,Drama,7,7.3,Sunny
Grey's Anatomy: Saison 14: Épisode 23,01/03/2025,Drama,5,7.3,Sunny
Grey's Anatomy: Saison 14: Épisode 24,01/03/2025,Drama,9,7.3,Sunny
Grey's Anatomy: Saison 15: Épisode 1,01/03/2025,Drama,7,7.3,Sunny
Winnie the Pooh: Blood and Honey,01/03/2025,Horror,1,7.3,Sunny
Grey's Anatomy: Saison 15: Épisode 5,02/03/2025,Drama,7,10.4,Sunny
Grey's Anatomy: Saison 15: Épisode 4,02/03/2025,Drama,9,10.4,Sunny
Grey's Anatomy: Saison 15: Épisode 3,02/03/2025,Drama,5,10.4,Sunny
Get Out,02/03/2025,Horror,9,10.4,Sunny
Grey's Anatomy: Saison 15: Épisode 2,02/03/2025,Drama,7,10.4,Sunny
Friends: Saison 1: Épisode 21,03/03/2025,Comedy,10,11.4,Sunny
Friends: Saison 1: Épisode 22,05/03/2025,Comedy,9,16.3,Sunny
Bright,06/03/2025,Fantasy,7,16.8,Sunny
Fast & Furious 9,07/03/2025,Action,7,16.5,Sunny
Grey's Anatomy: Saison 15: Épisode 6,08/03/2025,Drama,6,17.9,Sunny
Grey's Anatomy: Saison 15: Épisode 7,08/03/2025,Drama,8,17.9,Sunny
Grey's Anatomy: Saison 15: Épisode 8,08/03/2025,Drama,6,17.9,Sunny
Spirited Away,08/03/2025,Anime,10,17.9,Sunny
Grey's Anatomy: Saison 15: Épisode 9,08/03/2025,Drama,5,17.9,Sunny
The Dark Knight,08/03/2025,Action,9,17.9,Sunny
The Kissing Booth,08/03/2025,Romance,3,17.9,Sunny
Spider-Man: Across the Spider-Verse,08/03/2025,Animation,10,17.9,Sunny
Princess Mononoke,09/03/2025,Anime,9,17.0,Sunny
Grey's Anatomy: Saison 15: Épisode 12,09/03/2025,Drama,9,17.0,Sunny
Grey's Anatomy: Saison 15: Épisode 10,09/03/2025,Drama,5,17.0,Sunny
Grey's Anatomy: Saison 15: Épisode 11,09/03/2025,Drama,7,17.0,Sunny
The Office (U.S.): Saison 1: Épisode 22,10/03/2025,Comedy,10,12.9,Rainy
Morbius,10/03/2025,Action,3,12.9,Rainy
Tall Girl,10/03/2025,Comedy,2,12.9,Rainy
Friends: Saison 1: Épisode 23,11/03/2025,Comedy,6,11.4,Sunny
Grey's Anatomy: Saison 15: Épisode 13,11/03/2025,Drama,6,11.4,Sunny
Grey's Anatomy: Saison 15: Épisode 14,11/03/2025,Drama,8,11.4,Sunny
Grey's Anatomy: Saison 15: Épisode 18,14/03/2025,Drama,9,6.7,Rainy
Grey's Anatomy: Saison 15: Épisode 15,14/03/2025,Drama,7,6.7,Rainy
Grey's Anatomy: Saison 15: Épisode 16,14/03/2025,Drama,8,6.7,Rainy
Grey's Anatomy: Saison 15: Épisode 17,14/03/2025,Drama,9,6.7,Rainy
After,14/03/2025,Romance,1,6.7,Rainy
Joker,15/03/2025,Drama,8,8.3,Rainy
Grey's Anatomy: Saison 15: Épisode 19,16/03/2025,Drama,9,10.4,Sunny
Red Notice,16/03/2025,Action,3,10.4,Sunny
Grey's Anatomy: Saison 15: Épisode 20,16/03/2025,Drama,9,10.4,Sunny
Parasite,16/03/2025,Thriller,8,10.4,Sunny
Grey's Anatomy: Saison 15: Épisode 21,16/03/2025,Drama,6,10.4,Sunny
Grey's Anatomy: Saison 15: Épisode 22,16/03/2025,Drama,9,10.4,Sunny
Grey's Anatomy: Saison 15: Épisode 23,16/03/2025,Drama,8,10.4,Sunny
The Office (U.S.): Saison 1: Épisode 23,17/03/2025,Comedy,10,11.5,Sunny
Bright,18/03/2025,Fantasy,5,12.4,Sunny
Grey's Anatomy: Saison 15: Épisode 24,18/03/2025,Drama,6,12.4,Sunny
Naruto: Saison 1: Épisode 1,18/03/2025,Anime,9,12.4,Sunny
Naruto: Saison 1: Épisode 6,21/03/2025,Anime,6,19.5,Rainy
Naruto: Saison 1: Épisode 5,21/03/2025,Anime,6,19.5,Rainy
Naruto: Saison 1: Épisode 4,21/03/2025,Anime,7,19.5,Rainy
Naruto: Saison 1: Épisode 3,21/03/2025,Anime,5,19.5,Rainy
Naruto: Saison 1: Épisode 2,21/03/2025,Anime,7,19.5,Rainy
Madame Web,22/03/2025,Action,2,16.8,Rainy
Naruto: Saison 1: Épisode 7,23/03/2025,Anime,7,13.1,Rainy
Cats,23/03/2025,Musical,3,13.1,Rainy
The Emoji Movie,24/03/2025,Animation,1,15.2,Rainy
Fast & Furious 9,24/03/2025,Action,3,15.2,Rainy
Brooklyn Nine-Nine: Saison 2: Épisode 6,25/03/2025,Comedy,6,13.7,Sunny
Naruto: Saison 1: Épisode 8,25/03/2025,Anime,6,13.7,Sunny
Naruto: Saison 1: Épisode 9,25/03/2025,Anime,5,13.7,Sunny
Dragonball Evolution,25/03/2025,Action,1,13.7,Sunny
Naruto: Saison 1: Épisode 10,26/03/2025,Anime,5,14.3,Rainy
Naruto: Saison 1: Épisode 11,26/03/2025,Anime,6,14.3,Rainy
Naruto: Saison 1: Épisode 15,28/03/2025,Anime,8,12.6,Rainy
Naruto: Saison 1: Épisode 14,28/03/2025,Anime,6,12.6,Rainy
Naruto: Saison 1: Épisode 16,28/03/2025,Anime,5,12.6,Rainy
Naruto: Saison 1: Épisode 12,28/03/2025,Anime,7,12.6,Rainy
Naruto: Saison 1: Épisode 13,28/03/2025,Anime,6,12.6,Rainy
Naruto: Saison 1: Épisode 17,29/03/2025,Anime,8,13.1,Rainy
Glass Onion,29/03/2025,Mystery,5,13.1,Rainy
Naruto: Saison 1: Épisode 18,29/03/2025,Anime,7,13.1,Rainy
Naruto: Saison 1: Épisode 19,29/03/2025,Anime,5,13.1,Rainy
Naruto: Saison 1: Épisode 20,29/03/2025,Anime,7,13.1,Rainy
Interstellar,29/03/2025,Sci-Fi,10,13.1,Rainy
Naruto: Saison 2: Épisode 1,29/03/2025,Anime,7,13.1,Rainy
Naruto: Saison 2: Épisode 2,29/03/2025,Anime,6,13.1,Rainy
Get Out,30/03/2025,Horror,9,15.6,Rainy
Brooklyn Nine-Nine: Saison 2: Épisode 7,31/03/2025,Comedy,9,13.9,Sunny
Naruto: Saison 2: Épisode 3,31/03/2025,Anime,7,13.9,Sunny
Heart of Stone,31/03/2025,Action,5,13.9,Sunny
Inception,01/04/2025,Sci-Fi,10,14.1,Sunny
Naruto: Saison 2: Épisode 4,02/04/2025,Anime,8,16.4,Sunny
Naruto: Saison 2: Épisode 5,02/04/2025,Anime,6,16.4,Sunny
Naruto: Saison 2: Épisode 6,02/04/2025,Anime,8,16.4,Sunny
Murder Mystery,03/04/2025,Comedy,6,20.0,Sunny
Naruto: Saison 2: Épisode 7,03/04/2025,Anime,5,20.0,Sunny
Army of the Dead,04/04/2025,Horror,8,22.9,Rainy
Naruto: Saison 2: Épisode 8,05/04/2025,Anime,5,23.6,Sunny
Naruto: Saison 2: Épisode 9,05/04/2025,Anime,6,23.6,Sunny
Naruto: Saison 2: Épisode 10,05/04/2025,Anime,6,23.6,Sunny
Naruto: Saison 2: Épisode 11,05/04/2025,Anime,6,23.6,Sunny
Naruto: Saison 2: Épisode 12,06/04/2025,Anime,5,18.0,Sunny
Dune: Part One,06/04/2025,Sci-Fi,10,18.0,Sunny
The Office (U.S.): Saison 1: Épisode 24,07/04/2025,Comedy,10,17.2,Sunny
Twilight,07/04/2025,Romance,2,17.2,Sunny
Don't Look Up,08/04/2025,Comedy,5,18.6,Sunny
Naruto: Saison 2: Épisode 14,08/04/2025,Anime,5,18.6,Sunny
Naruto: Saison 2: Épisode 13,08/04/2025,Anime,6,18.6,Sunny
Naruto: Saison 2: Épisode 15,11/04/2025,Anime,8,22.0,Sunny
Project Power,11/04/2025,Action,5,22.0,Sunny
Naruto: Saison 2: Épisode 16,12/04/2025,Anime,8,21.8,Rainy
The Kissing Booth,12/04/2025,Romance,6,21.8,Rainy
Spider-Man: Across the Spider-Verse,12/04/2025,Animation,8,21.8,Rainy
Naruto: Saison 2: Épisode 17,13/04/2025,Anime,7,17.6,Rainy
Naruto: Saison 2: Épisode 18,13/04/2025,Anime,5,17.6,Rainy
Sharknado,13/04/2025,Comedy,2,17.6,Rainy
Naruto: Saison 2: Épisode 19,14/04/2025,Anime,5,19.7,Rainy
Morbius,14/04/2025,Action,3,19.7,Rainy
Naruto: Saison 2: Épisode 20,14/04/2025,Anime,5,19.7,Rainy
Naruto: Saison 3: Épisode 1,14/04/2025,Anime,7,19.7,Rainy
Princess Mononoke,15/04/2025,Anime,10,18.5,Rainy
Naruto: Saison 3: Épisode 2,15/04/2025,Anime,5,18.5,Rainy
Spirited Away,16/04/2025,Anime,10,15.2,Sunny
Friends: Saison 1: Épisode 24,17/04/2025,Comedy,6,16.7,Sunny
Rebel Moon,18/04/2025,Sci-Fi,3,19.4,Sunny
Naruto: Saison 3: Épisode 3,19/04/2025,Anime,8,20.5,Rainy
Naruto: Saison 3: Épisode 4,19/04/2025,Anime,8,20.5,Rainy
Naruto: Saison 3: Épisode 5,19/04/2025,Anime,9,20.5,Rainy
Naruto: Saison 3: Épisode 6,19/04/2025,Anime,6,20.5,Rainy
Naruto: Saison 3: Épisode 7,19/04/2025,Anime,8,20.5,Rainy
Naruto: Saison 3: Épisode 8,19/04/2025,Anime,5,20.5,Rainy
Naruto: Saison 3: Épisode 9,19/04/2025,Anime,7,20.5,Rainy
Naruto: Saison 3: Épisode 10,19/04/2025,Anime,8,20.5,Rainy
Pulp Fiction,20/04/2025,Crime,10,15.9,Rainy
Naruto: Saison 3: Épisode 11,20/04/2025,Anime,8,15.9,Rainy
Naruto: Saison 3: Épisode 12,20/04/2025,Anime,6,15.9,Rainy
The Gray Man,21/04/2025,Action,3,15.1,Rainy
Winnie the Pooh: Blood and Honey,21/04/2025,Horror,1,15.1,Rainy
Friends: Saison 2: Épisode 1,21/04/2025,Comedy,8,15.1,Rainy
Brooklyn Nine-Nine: Saison 2: Épisode 8,22/04/2025,Comedy,6,16.9,Rainy
The Dark Knight,22/04/2025,Action,10,16.9,Rainy
How I Met Your Mother: Saison 1: Épisode 22,23/04/2025,Comedy,9,14.6,Rainy
Naruto: Saison 3: Épisode 13,23/04/2025,Anime,8,14.6,Rainy
Naruto: Saison 3: Épisode 14,23/04/2025,Anime,6,14.6,Rainy
Naruto: Saison 3: Épisode 15,23/04/2025,Anime,5,14.6,Rainy
Tall Girl,23/04/2025,Comedy,4,14.6,Rainy
After,24/04/2025,Romance,3,16.8,Rainy
Whiplash,25/04/2025,Drama,8,15.6,Rainy
365 Days,25/04/2025,Romance,1,15.6,Rainy
Naruto: Saison 3: Épisode 18,26/04/2025,Anime,6,18.7,Rainy
6 Underground,26/04/2025,Action,4,18.7,Rainy
La La Land,26/04/2025,Romance,7,18.7,Rainy
Naruto: Saison 3: Épisode 16,26/04/2025,Anime,6,18.7,Rainy
Naruto: Saison 3: Épisode 17,26/04/2025,Anime,8,18.7,Rainy
Extraction 2,27/04/2025,Action,7,20.5,Rainy
Naruto: Saison 3: Épisode 19,27/04/2025,Anime,9,20.5,Rainy
Enola Holmes 2,27/04/2025,Mystery,8,20.5,Rainy
Brooklyn Nine-Nine: Saison 2: Épisode 9,28/04/2025,Comedy,6,24.2,Sunny
The Social Network,28/04/2025,Drama,10,24.2,Sunny
After,29/04/2025,Romance,3,26.6,Sunny
The Office (U.S.): Saison 2: Épisode 1,29/04/2025,Comedy,10,26.6,Sunny
Friends: Saison 2: Épisode 2,30/04/2025,Comedy,7,29.0,Sunny
How I Met Your Mother: Saison 1: Épisode 23,01/05/2025,Comedy,6,30.2,Sunny
Enola Holmes 2,01/05/2025,Mystery,5,30.2,Sunny
Naruto: Saison 3: Épisode 20,01/05/2025,Anime,8,30.2,Sunny
Naruto: Saison 4: Épisode 1,01/05/2025,Anime,5,30.2,Sunny
Pulp Fiction,01/05/2025,Crime,10,30.2,Sunny
The Gray Man,02/05/2025,Action,5,29.6,Sunny
Naruto: Saison 4: Épisode 4,02/05/2025,Anime,5,29.6,Sunny
Naruto: Saison 4: Épisode 2,02/05/2025,Anime,6,29.6,Sunny
Naruto: Saison 4: Épisode 3,02/05/2025,Anime,6,29.6,Sunny
Naruto: Saison 4: Épisode 5,03/05/2025,Anime,7,24.9,Rainy
Naruto: Saison 4: Épisode 6,03/05/2025,Anime,7,24.9,Rainy
Naruto: Saison 4: Épisode 7,03/05/2025,Anime,5,24.9,Rainy
Extraction 2,03/05/2025,Action,9,24.9,Rainy
Naruto: Saison 4: Épisode 8,04/05/2025,Anime,9,15.4,Rainy
Naruto: Saison 4: Épisode 9,04/05/2025,Anime,7,15.4,Rainy
Rebel Moon,04/05/2025,Sci-Fi,6,15.4,Rainy
Spider-Man: Across the Spider-Verse,04/05/2025,Animation,10,15.4,Rainy
Naruto: Saison 4: Épisode 13,05/05/2025,Anime,8,13.9,Sunny
Naruto: Saison 4: Épisode 10,05/05/2025,Anime,5,13.9,Sunny
Naruto: Saison 4: Épisode 11,05/05/2025,Anime,5,13.9,Sunny
Naruto: Saison 4: Épisode 12,05/05/2025,Anime,6,13.9,Sunny
Naruto: Saison 4: Épisode 16,06/05/2025,Anime,9,15.2,Sunny
Naruto: Saison 4: Épisode 15,06/05/2025,Anime,6,15.2,Sunny
How I Met Your Mother: Saison 1: Épisode 24,06/05/2025,Comedy,9,15.2,Sunny
Naruto: Saison 4: Épisode 14,06/05/2025,Anime,8,15.2,Sunny
Naruto: Saison 4: Épisode 17,07/05/2025,Anime,7,15.5,Sunny
Sharknado,07/05/2025,Comedy,2,15.5,Sunny
Brooklyn Nine-Nine: Saison 2: Épisode 10,08/05/2025,Comedy,10,18.1,Sunny
Naruto: Saison 5: Épisode 2,09/05/2025,Anime,7,20.0,Sunny
Naruto: Saison 4: Épisode 18,09/05/2025,Anime,6,20.0,Sunny
Naruto: Saison 4: Épisode 19,09/05/2025,Anime,6,20.0,Sunny
Naruto: Saison 4: Épisode 20,09/05/2025,Anime,9,20.0,Sunny
Naruto: Saison 5: Épisode 1,09/05/2025,Anime,9,20.0,Sunny
Twilight,09/05/2025,Romance,2,20.0,Sunny
Naruto: Saison 5: Épisode 3,10/05/2025,Anime,6,24.0,Sunny
Dragonball Evolution,10/05/2025,Action,3,24.0,Sunny
Naruto: Saison 5: Épisode 9,11/05/2025,Anime,7,24.5,Rainy
The Dark Knight,11/05/2025,Action,10,24.5,Rainy
Naruto: Saison 5: Épisode 8,11/05/2025,Anime,6,24.5,Rainy
Naruto: Saison 5: Épisode 7,11/05/2025,Anime,5,24.5,Rainy
Naruto: Saison 5: Épisode 6,11/05/2025,Anime,6,24.5,Rainy
Naruto: Saison 5: Épisode 5,11/05/2025,Anime,9,24.5,Rainy
Murder Mystery,11/05/2025,Comedy,7,24.5,Rainy
Naruto: Saison 5: Épisode 4,11/05/2025,Anime,5,24.5,Rainy
Glass Onion,13/05/2025,Mystery,9,20.5,Rainy
Naruto: Saison 5: Épisode 10,14/05/2025,Anime,6,24.7,Sunny
Naruto: Saison 5: Épisode 11,14/05/2025,Anime,5,24.7,Sunny
Friends: Saison 2: Épisode 3,15/05/2025,Comedy,7,17.8,Sunny
Naruto: Saison 5: Épisode 12,15/05/2025,Anime,9,17.8,Sunny
Project Power,15/05/2025,Action,5,17.8,Sunny
Naruto: Saison 5: Épisode 13,16/05/2025,Anime,7,19.9,Sunny
Naruto: Saison 5: Épisode 14,16/05/2025,Anime,9,19.9,Sunny
Get Out,16/05/2025,Horror,6,19.9,Sunny
Fast & Furious 9,17/05/2025,Action,4,18.5,Sunny
Naruto: Saison 5: Épisode 16,17/05/2025,Anime,8,18.5,Sunny
Naruto: Saison 5: Épisode 15,17/05/2025,Anime,9,18.5,Sunny
How I Met Your Mother: Saison 2: Épisode 1,19/05/2025,Comedy,9,22.9,Sunny
365 Days,19/05/2025,Romance,2,22.9,Sunny
How I Met Your Mother: Saison 2: Épisode 2,20/05/2025,Comedy,6,25.5,Sunny
Naruto: Saison 5: Épisode 17,20/05/2025,Anime,5,25.5,Sunny
Naruto: Saison 5: Épisode 18,20/05/2025,Anime,5,25.5,Sunny
Naruto: Saison 5: Épisode 19,20/05/2025,Anime,5,25.5,Sunny
Brooklyn Nine-Nine: Saison 2: Épisode 11,21/05/2025,Comedy,10,16.5,Rainy
Interstellar,22/05/2025,Sci-Fi,10,18.8,Rainy
Naruto: Saison 5: Épisode 20,23/05/2025,Anime,8,18.1,Sunny
Spirited Away,23/05/2025,Anime,8,18.1,Sunny
The Kissing Booth,24/05/2025,Romance,4,20.1,Rainy
The Emoji Movie,25/05/2025,Animation,1,20.5,Rainy
Red Notice,26/05/2025,Action,7,18.7,Sunny
Heart of Stone,28/05/2025,Action,3,21.0,Rainy
Brooklyn Nine-Nine: Saison 2: Épisode 12,28/05/2025,Comedy,9,21.0,Rainy
The Office (U.S.): Saison 2: Épisode 2,29/05/2025,Comedy,10,24.5,Sunny
Suits: Saison 1: Épisode 1,29/05/2025,Drama,6,24.5,Sunny
Suits: Saison 1: Épisode 2,29/05/2025,Drama,8,24.5,Sunny
Suits: Saison 1: Épisode 3,30/05/2025,Drama,9,30.1,Sunny
Suits: Saison 1: Épisode 4,30/05/2025,Drama,7,30.1,Sunny
Suits: Saison 1: Épisode 5,30/05/2025,Drama,10,30.1,Sunny
Suits: Saison 1: Épisode 6,30/05/2025,Drama,6,30.1,Sunny
Princess Mononoke,30/05/2025,Anime,10,30.1,Sunny
Madame Web,31/05/2025,Action,3,29.8,Rainy
Bright,01/06/2025,Fantasy,7,22.5,Rainy
Suits: Saison 1: Épisode 7,02/06/2025,Drama,9,21.8,Rainy
Suits: Saison 1: Épisode 8,02/06/2025,Drama,6,21.8,Rainy
Suits: Saison 1: Épisode 9,02/06/2025,Drama,6,21.8,Rainy
Cats,03/06/2025,Musical,3,24.4,Sunny
Suits: Saison 1: Épisode 12,03/06/2025,Drama,10,24.4,Sunny
Suits: Saison 1: Épisode 10,03/06/2025,Drama,7,24.4,Sunny
Suits: Saison 1: Épisode 11,03/06/2025,Drama,7,24.4,Sunny
The Office (U.S.): Saison 2: Épisode 3,04/06/2025,Comedy,10,20.2,Rainy
Friends: Saison 2: Épisode 4,05/06/2025,Comedy,7,18.7,Rainy
Joker,05/06/2025,Drama,8,18.7,Rainy
Army of the Dead,05/06/2025,Horror,5,18.7,Rainy
La La Land,06/06/2025,Romance,10,20.9,Rainy
Suits: Saison 1: Épisode 13,07/06/2025,Drama,9,19.9,Rainy
Inception,07/06/2025,Sci-Fi,8,19.9,Rainy
Don't Look Up,08/06/2025,Comedy,6,18.6,Rainy
Parasite,08/06/2025,Thriller,10,18.6,Rainy
Suits: Saison 1: Épisode 14,08/06/2025,Drama,7,18.6,Rainy
Suits: Saison 1: Épisode 16,09/06/2025,Drama,9,22.1,Rainy
Suits: Saison 1: Épisode 15,09/06/2025,Drama,8,22.1,Rainy
Friends: Saison 2: Épisode 5,09/06/2025,Comedy,7,22.1,Rainy
How I Met Your Mother: Saison 2: Épisode 3,10/06/2025,Comedy,9,25.5,Sunny
Suits: Saison 2: Épisode 1,10/06/2025,Drama,7,25.5,Sunny
Tall Girl,10/06/2025,Comedy,6,25.5,Sunny
Winnie the Pooh: Blood and Honey,11/06/2025,Horror,1,27.6,Sunny
Suits: Saison 2: Épisode 2,12/06/2025,Drama,7,31.5,Sunny
Suits: Saison 2: Épisode 3,12/06/2025,Drama,6,31.5,Sunny
Morbius,12/06/2025,Action,2,31.5,Sunny
Dune: Part One,12/06/2025,Sci-Fi,7,31.5,Sunny
Suits: Saison 2: Épisode 4,13/06/2025,Drama,7,32.9,Rainy
Suits: Saison 2: Épisode 5,13/06/2025,Drama,8,32.9,Rainy
Suits: Saison 2: Épisode 6,13/06/2025,Drama,10,32.9,Rainy
The Social Network,13/06/2025,Drama,8,32.9,Rainy
Whiplash,14/06/2025,Drama,7,27.1,Rainy
Suits: Saison 2: Épisode 7,14/06/2025,Drama,10,27.1,Rainy
6 Underground,14/06/2025,Action,6,27.1,Rainy
Suits: Saison 2: Épisode 8,15/06/2025,Drama,7,22.4,Rainy
Suits: Saison 2: Épisode 9,15/06/2025,Drama,10,22.4,Rainy
Suits: Saison 2: Épisode 10,15/06/2025,Drama,10,22.4,Rainy
Suits: Saison 2: Épisode 11,15/06/2025,Drama,6,22.4,Rainy
Brooklyn Nine-Nine: Saison 2: Épisode 13,16/06/2025,Comedy,10,26.6,Sunny
Heart of Stone,17/06/2025,Action,3,28.9,Sunny
Glass Onion,17/06/2025,Mystery,7,28.9,Sunny
Suits: Saison 2: Épisode 12,17/06/2025,Drama,8,28.9,Sunny
Suits: Saison 2: Épisode 13,17/06/2025,Drama,7,28.9,Sunny
Interstellar,18/06/2025,Sci-Fi,10,29.0,Sunny
How I Met Your Mother: Saison 2: Épisode 4,18/06/2025,Comedy,6,29.0,Sunny
Suits: Saison 2: Épisode 14,19/06/2025,Drama,7,31.0,Sunny
Enola Holmes 2,19/06/2025,Mystery,7,31.0,Sunny
365 Days,19/06/2025,Romance,3,31.0,Sunny
Suits: Saison 2: Épisode 15,20/06/2025,Drama,10,31.6,Sunny
Suits: Saison 2: Épisode 16,20/06/2025,Drama,9,31.6,Sunny
Extraction 2,20/06/2025,Action,5,31.6,Sunny
Suits: Saison 3: Épisode 1,20/06/2025,Drama,8,31.6,Sunny
Dragonball Evolution,20/06/2025,Action,2,31.6,Sunny
Suits: Saison 3: Épisode 2,20/06/2025,Drama,9,31.6,Sunny
Army of the Dead,21/06/2025,Horror,4,35.8,Sunny
Suits: Saison 3: Épisode 3,21/06/2025,Drama,8,35.8,Sunny
Suits: Saison 3: Épisode 4,21/06/2025,Drama,6,35.8,Sunny
Spider-Man: Across the Spider-Verse,21/06/2025,Animation,10,35.8,Sunny
Suits: Saison 3: Épisode 6,22/06/2025,Drama,7,29.0,Sunny
Suits: Saison 3: Épisode 5,22/06/2025,Drama,9,29.0,Sunny
Project Power,22/06/2025,Action,6,29.0,Sunny
Suits: Saison 3: Épisode 8,24/06/2025,Drama,8,30.0,Sunny
Fast & Furious 9,24/06/2025,Action,6,30.0,Sunny
Suits: Saison 3: Épisode 7,24/06/2025,Drama,7,30.0,Sunny
Friends: Saison 2: Épisode 6,25/06/2025,Comedy,8,35.8,Rainy
Tall Girl,25/06/2025,Comedy,3,35.8,Rainy
Spirited Away,26/06/2025,Anime,10,26.0,Rainy
Suits: Saison 3: Épisode 9,27/06/2025,Drama,6,27.4,Rainy
Madame Web,27/06/2025,Action,1,27.4,Rainy
Don't Look Up,27/06/2025,Comedy,7,27.4,Rainy
Suits: Saison 3: Épisode 13,28/06/2025,Drama,7,28.4,Sunny
Red Notice,28/06/2025,Action,7,28.4,Sunny
Suits: Saison 3: Épisode 14,28/06/2025,Drama,8,28.4,Sunny
Suits: Saison 3: Épisode 11,28/06/2025,Drama,7,28.4,Sunny
Suits: Saison 3: Épisode 10,28/06/2025,Drama,9,28.4,Sunny
Suits: Saison 3: Épisode 12,28/06/2025,Drama,7,28.4,Sunny
The Emoji Movie,28/06/2025,Animation,3,28.4,Sunny
Morbius,29/06/2025,Action,3,29.6,Sunny
Suits: Saison 4: Épisode 2,29/06/2025,Drama,6,29.6,Sunny
Suits: Saison 4: Épisode 3,29/06/2025,Drama,6,29.6,Sunny
Suits: Saison 3: Épisode 16,29/06/2025,Drama,7,29.6,Sunny
Suits: Saison 3: Épisode 15,29/06/2025,Drama,9,29.6,Sunny
Suits: Saison 4: Épisode 1,29/06/2025,Drama,7,29.6,Sunny
How I Met Your Mother: Saison 2: Épisode 5,30/06/2025,Comedy,9,35.2,Sunny
Suits: Saison 4: Épisode 4,01/07/2025,Drama,10,38.7,Sunny
Suits: Saison 4: Épisode 5,01/07/2025,Drama,9,38.7,Sunny
Suits: Saison 4: Épisode 6,01/07/2025,Drama,7,38.7,Sunny
Brooklyn Nine-Nine: Saison 2: Épisode 14,02/07/2025,Comedy,10,33.0,Rainy
Suits: Saison 4: Épisode 7,02/07/2025,Drama,6,33.0,Rainy
Suits: Saison 4: Épisode 8,02/07/2025,Drama,9,33.0,Rainy
Friends: Saison 2: Épisode 7,03/07/2025,Comedy,6,25.9,Sunny
Suits: Saison 4: Épisode 9,04/07/2025,Drama,9,27.6,Sunny
The Kissing Booth,04/07/2025,Romance,3,27.6,Sunny
6 Underground,05/07/2025,Action,4,26.9,Sunny
Bright,05/07/2025,Fantasy,3,26.9,Sunny
Suits: Saison 4: Épisode 10,05/07/2025,Drama,10,26.9,Sunny
Suits: Saison 4: Épisode 11,05/07/2025,Drama,7,26.9,Sunny
Suits: Saison 4: Épisode 12,06/07/2025,Drama,7,20.4,Rainy
Dune: Part One,06/07/2025,Sci-Fi,6,20.4,Rainy
Suits: Saison 4: Épisode 13,06/07/2025,Drama,8,20.4,Rainy
Suits: Saison 4: Épisode 14,06/07/2025,Drama,8,20.4,Rainy
La La Land,06/07/2025,Romance,10,20.4,Rainy
Joker,07/07/2025,Drama,7,18.5,Rainy
Suits: Saison 4: Épisode 15,07/07/2025,Drama,9,18.5,Rainy
The Office (U.S.): Saison 2: Épisode 4,10/07/2025,Comedy,10,27.2,Sunny
Parasite,11/07/2025,Thriller,10,29.5,Sunny
Suits: Saison 4: Épisode 16,12/07/2025,Drama,8,28.9,Sunny
Suits: Saison 5: Épisode 1,12/07/2025,Drama,6,28.9,Sunny
Suits: Saison 5: Épisode 2,12/07/2025,Drama,6,28.9,Sunny
Suits: Saison 5: Épisode 3,12/07/2025,Drama,6,28.9,Sunny
Get Out,12/07/2025,Horror,10,28.9,Sunny
Princess Mononoke,13/07/2025,Anime,8,31.0,Sunny
Suits: Saison 5: Épisode 4,13/07/2025,Drama,10,31.0,Sunny
Suits: Saison 5: Épisode 5,13/07/2025,Drama,8,31.0,Sunny
Suits: Saison 5: Épisode 6,14/07/2025,Drama,6,28.2,Rainy
Twilight,14/07/2025,Romance,2,28.2,Rainy
The Social Network,14/07/2025,Drama,8,28.2,Rainy
How I Met Your Mother: Saison 2: Épisode 6,15/07/2025,Comedy,5,24.9,Rainy
Suits: Saison 5: Épisode 7,15/07/2025,Drama,7,24.9,Rainy
Suits: Saison 5: Épisode 8,15/07/2025,Drama,9,24.9,Rainy
Sharknado,15/07/2025,Comedy,2,24.9,Rainy
Suits: Saison 5: Épisode 9,16/07/2025,Drama,7,21.8,Rainy
Suits: Saison 5: Épisode 10,16/07/2025,Drama,9,21.8,Rainy
The Gray Man,16/07/2025,Action,3,21.8,Rainy
Friends: Saison 2: Épisode 8,17/07/2025,Comedy,6,25.9,Rainy
Suits: Saison 5: Épisode 11,17/07/2025,Drama,7,25.9,Rainy
Suits: Saison 5: Épisode 12,17/07/2025,Drama,6,25.9,Rainy
Murder Mystery,18/07/2025,Comedy,7,31.2,Sunny
After,18/07/2025,Romance,4,31.2,Sunny
Suits: Saison 5: Épisode 14,18/07/2025,Drama,6,31.2,Sunny
Inception,18/07/2025,Sci-Fi,10,31.2,Sunny
Suits: Saison 5: Épisode 13,18/07/2025,Drama,10,31.2,Sunny
Suits: Saison 5: Épisode 15,19/07/2025,Drama,7,26.7,Rainy
Suits: Saison 5: Épisode 16,19/07/2025,Drama,10,26.7,Rainy
Whiplash,19/07/2025,Drama,10,26.7,Rainy
Suits: Saison 6: Épisode 1,20/07/2025,Drama,9,23.2,Rainy
The Dark Knight,20/07/2025,Action,10,23.2,Rainy
Suits: Saison 6: Épisode 2,20/07/2025,Drama,6,23.2,Rainy
Suits: Saison 6: Épisode 3,20/07/2025,Drama,6,23.2,Rainy
Suits: Saison 6: Épisode 4,20/07/2025,Drama,9,23.2,Rainy
Winnie the Pooh: Blood and Honey,21/07/2025,Horror,2,20.9,Rainy
Cats,23/07/2025,Musical,1,21.4,Rainy
Rebel Moon,24/07/2025,Sci-Fi,4,21.4,Rainy
Suits: Saison 6: Épisode 6,24/07/2025,Drama,8,21.4,Rainy
The Office (U.S.): Saison 2: Épisode 5,24/07/2025,Comedy,8,21.4,Rainy
Suits: Saison 6: Épisode 5,24/07/2025,Drama,10,21.4,Rainy
Suits: Saison 6: Épisode 7,25/07/2025,Drama,10,24.1,Rainy
Pulp Fiction,25/07/2025,Crime,8,24.1,Rainy
Suits: Saison 6: Épisode 8,26/07/2025,Drama,7,25.6,Sunny
The Social Network,26/07/2025,Drama,9,25.6,Sunny
La La Land,27/07/2025,Romance,10,21.5,Rainy
Suits: Saison 6: Épisode 9,28/07/2025,Drama,9,21.8,Rainy
Murder Mystery,28/07/2025,Comedy,8,21.8,Rainy
Get Out,29/07/2025,Horror,9,22.5,Rainy
Suits: Saison 6: Épisode 10,30/07/2025,Drama,8,22.9,Rainy
Suits: Saison 6: Épisode 11,30/07/2025,Drama,8,22.9,Rainy
Morbius,30/07/2025,Action,1,22.9,Rainy
Suits: Saison 6: Épisode 14,31/07/2025,Drama,8,24.1,Rainy
Suits: Saison 6: Épisode 13,31/07/2025,Drama,9,24.1,Rainy
How I Met Your Mother: Saison 2: Épisode 7,31/07/2025,Comedy,7,24.1,Rainy
Suits: Saison 6: Épisode 12,31/07/2025,Drama,9,24.1,Rainy
Suits: Saison 6: Épisode 15,01/08/2025,Drama,6,22.3,Rainy
Suits: Saison 6: Épisode 16,01/08/2025,Drama,8,22.3,Rainy
Suits: Saison 7: Épisode 1,01/08/2025,Drama,6,22.3,Rainy
Suits: Saison 7: Épisode 2,01/08/2025,Drama,6,22.3,Rainy
Suits: Saison 7: Épisode 3,01/08/2025,Drama,10,22.3,Rainy
Suits: Saison 7: Épisode 4,02/08/2025,Drama,6,21.0,Rainy
Suits: Saison 7: Épisode 5,02/08/2025,Drama,6,21.0,Rainy
Suits: Saison 7: Épisode 6,02/08/2025,Drama,8,21.0,Rainy
The Emoji Movie,02/08/2025,Animation,1,21.0,Rainy
Princess Mononoke,03/08/2025,Anime,10,24.4,Sunny
The Office (U.S.): Saison 2: Épisode 6,04/08/2025,Comedy,7,28.2,Rainy
Tall Girl,04/08/2025,Comedy,3,28.2,Rainy
How I Met Your Mother: Saison 2: Épisode 8,05/08/2025,Comedy,7,22.5,Rainy
Bright,06/08/2025,Fantasy,5,23.1,Sunny
Suits: Saison 7: Épisode 7,06/08/2025,Drama,7,23.1,Sunny
The Office (U.S.): Saison 2: Épisode 7,06/08/2025,Comedy,10,23.1,Sunny
Friends: Saison 2: Épisode 9,07/08/2025,Comedy,8,28.8,Sunny
Suits: Saison 7: Épisode 8,08/08/2025,Drama,7,27.2,Sunny
Suits: Saison 7: Épisode 9,08/08/2025,Drama,7,27.2,Sunny
Suits: Saison 7: Épisode 10,08/08/2025,Drama,10,27.2,Sunny
Suits: Saison 7: Épisode 11,08/08/2025,Drama,7,27.2,Sunny
Suits: Saison 7: Épisode 12,09/08/2025,Drama,8,27.6,Sunny
Suits: Saison 7: Épisode 13,09/08/2025,Drama,9,27.6,Sunny
Parasite,09/08/2025,Thriller,10,27.6,Sunny
Spider-Man: Across the Spider-Verse,10/08/2025,Animation,9,28.0,Sunny
Brooklyn Nine-Nine: Saison 2: Épisode 15,11/08/2025,Comedy,9,31.6,Sunny
Friends: Saison 2: Épisode 10,12/08/2025,Comedy,10,35.2,Sunny
365 Days,13/08/2025,Romance,1,34.4,Rainy
Interstellar,15/08/2025,Sci-Fi,9,31.2,Sunny
Suits: Saison 7: Épisode 14,15/08/2025,Drama,8,31.2,Sunny
Suits: Saison 7: Épisode 15,16/08/2025,Drama,6,27.6,Sunny
Suits: Saison 7: Épisode 16,16/08/2025,Drama,10,27.6,Sunny
Dragonball Evolution,16/08/2025,Action,2,27.6,Sunny
Suits: Saison 8: Épisode 1,17/08/2025,Drama,8,26.8,Sunny
Suits: Saison 8: Épisode 2,17/08/2025,Drama,7,26.8,Sunny
Sharknado,17/08/2025,Comedy,4,26.8,Sunny
Suits: Saison 8: Épisode 5,19/08/2025,Drama,7,29.4,Rainy
Suits: Saison 8: Épisode 4,19/08/2025,Drama,6,29.4,Rainy
Suits: Saison 8: Épisode 6,19/08/2025,Drama,8,29.4,Rainy
How I Met Your Mother: Saison 2: Épisode 9,19/08/2025,Comedy,5,29.4,Rainy
Suits: Saison 8: Épisode 3,19/08/2025,Drama,6,29.4,Rainy
Suits: Saison 8: Épisode 8,20/08/2025,Drama,9,23.4,Rainy
Suits: Saison 8: Épisode 9,20/08/2025,Drama,8,23.4,Rainy
Suits: Saison 8: Épisode 7,20/08/2025,Drama,10,23.4,Rainy
How I Met Your Mother: Saison 2: Épisode 10,21/08/2025,Comedy,9,23.4,Rainy
Enola Holmes 2,22/08/2025,Mystery,6,21.0,Sunny
Suits: Saison 8: Épisode 11,22/08/2025,Drama,6,21.0,Sunny
Inception,22/08/2025,Sci-Fi,10,21.0,Sunny
Suits: Saison 8: Épisode 10,22/08/2025,Drama,9,21.0,Sunny
Suits: Saison 8: Épisode 12,23/08/2025,Drama,6,23.9,Sunny
Suits: Saison 8: Épisode 13,23/08/2025,Drama,7,23.9,Sunny
Suits: Saison 8: Épisode 14,23/08/2025,Drama,7,23.9,Sunny
Suits: Saison 8: Épisode 15,23/08/2025,Drama,7,23.9,Sunny
After,23/08/2025,Romance,3,23.9,Sunny
Suits: Saison 8: Épisode 16,23/08/2025,Drama,7,23.9,Sunny
Suits: Saison 9: Épisode 1,24/08/2025,Drama,7,23.9,Sunny
The Gray Man,24/08/2025,Action,7,23.9,Sunny
Suits: Saison 9: Épisode 2,25/08/2025,Drama,8,28.4,Sunny
Suits: Saison 9: Épisode 3,25/08/2025,Drama,10,28.4,Sunny
Suits: Saison 9: Épisode 4,25/08/2025,Drama,10,28.4,Sunny
Suits: Saison 9: Épisode 5,25/08/2025,Drama,8,28.4,Sunny
Suits: Saison 9: Épisode 8,26/08/2025,Drama,7,29.1,Rainy
Suits: Saison 9: Épisode 7,26/08/2025,Drama,7,29.1,Rainy
The Office (U.S.): Saison 2: Épisode 8,26/08/2025,Comedy,8,29.1,Rainy
Suits: Saison 9: Épisode 6,26/08/2025,Drama,7,29.1,Rainy
The Office (U.S.): Saison 2: Épisode 9,27/08/2025,Comedy,7,26.6,Rainy
How I Met Your Mother: Saison 2: Épisode 11,28/08/2025,Comedy,7,23.5,Rainy
Dune: Part One,29/08/2025,Sci-Fi,7,20.8,Rainy
Suits: Saison 9: Épisode 9,29/08/2025,Drama,6,20.8,Rainy
Joker,29/08/2025,Drama,9,20.8,Rainy
Suits: Saison 9: Épisode 10,29/08/2025,Drama,7,20.8,Rainy
Madame Web,29/08/2025,Action,3,20.8,Rainy
The Kissing Booth,30/08/2025,Romance,4,22.1,Rainy
The Dark Knight,31/08/2025,Action,9,22.0,Rainy
Suits: Saison 9: Épisode 11,31/08/2025,Drama,9,22.0,Rainy
Suits: Saison 9: Épisode 14,01/09/2025,Drama,8,21.1,Rainy
Suits: Saison 9: Épisode 13,01/09/2025,Drama,7,21.1,Rainy
Friends: Saison 2: Épisode 11,01/09/2025,Comedy,8,21.1,Rainy
Suits: Saison 9: Épisode 12,01/09/2025,Drama,6,21.1,Rainy
Cats,02/09/2025,Musical,2,18.4,Rainy
Pulp Fiction,03/09/2025,Crime,10,24.4,Rainy
Project Power,04/09/2025,Action,3,20.6,Rainy
Suits: Saison 9: Épisode 15,04/09/2025,Drama,7,20.6,Rainy
Suits: Saison 9: Épisode 16,05/09/2025,Drama,7,21.3,Rainy
Army of the Dead,05/09/2025,Horror,5,21.3,Rainy
Glass Onion,05/09/2025,Mystery,6,21.3,Rainy
Emily in Paris: Saison 1: Épisode 1,05/09/2025,Romance,7,21.3,Rainy
Red Notice,06/09/2025,Action,4,24.1,Sunny
Whiplash,08/09/2025,Drama,7,23.0,Sunny
Twilight,08/09/2025,Romance,3,23.0,Sunny
Elite: Saison 1: Épisode 1,08/09/2025,Drama,4,23.0,Sunny
Elite: Saison 1: Épisode 3,09/09/2025,Drama,5,22.2,Sunny
The Office (U.S.): Saison 2: Épisode 10,09/09/2025,Comedy,8,22.2,Sunny
Elite: Saison 1: Épisode 2,09/09/2025,Drama,5,22.2,Sunny
Don't Look Up,10/09/2025,Comedy,5,20.8,Rainy
How I Met Your Mother: Saison 2: Épisode 12,11/09/2025,Comedy,9,20.3,Rainy
Attack on Titan: Saison 1: Épisode 1,11/09/2025,Anime,8,20.3,Rainy
Attack on Titan: Saison 1: Épisode 2,11/09/2025,Anime,9,20.3,Rainy
Attack on Titan: Saison 1: Épisode 3,12/09/2025,Anime,9,19.5,Rainy
Attack on Titan: Saison 1: Épisode 4,12/09/2025,Anime,10,19.5,Rainy
Attack on Titan: Saison 1: Épisode 5,12/09/2025,Anime,10,19.5,Rainy
Winnie the Pooh: Blood and Honey,12/09/2025,Horror,3,19.5,Rainy
Rebel Moon,13/09/2025,Sci-Fi,6,18.9,Rainy
Spirited Away,13/09/2025,Anime,10,18.9,Rainy
Attack on Titan: Saison 1: Épisode 10,14/09/2025,Anime,9,20.3,Rainy
6 Underground,14/09/2025,Action,5,20.3,Rainy
Attack on Titan: Saison 1: Épisode 9,14/09/2025,Anime,10,20.3,Rainy
Attack on Titan: Saison 1: Épisode 11,14/09/2025,Anime,9,20.3,Rainy
Attack on Titan: Saison 1: Épisode 7,14/09/2025,Anime,10,20.3,Rainy
Attack on Titan: Saison 1: Épisode 6,14/09/2025,Anime,10,20.3,Rainy
Attack on Titan: Saison 1: Épisode 8,14/09/2025,Anime,10,20.3,Rainy
Heart of Stone,15/09/2025,Action,4,19.9,Rainy
Extraction 2,15/09/2025,Action,5,19.9,Rainy
Fast & Furious 9,15/09/2025,Action,3,19.9,Rainy
Brooklyn Nine-Nine: Saison 2: Épisode 16,16/09/2025,Comedy,7,18.6,Rainy
Twilight,16/09/2025,Romance,3,18.6,Rainy
Tall Girl,17/09/2025,Comedy,6,21.6,Sunny
Winnie the Pooh: Blood and Honey,18/09/2025,Horror,1,23.8,Sunny
Attack on Titan: Saison 1: Épisode 12,19/09/2025,Anime,8,30.6,Sunny
Attack on Titan: Saison 2: Épisode 1,19/09/2025,Anime,10,30.6,Sunny
Attack on Titan: Saison 2: Épisode 2,19/09/2025,Anime,10,30.6,Sunny
The Kissing Booth,19/09/2025,Romance,2,30.6,Sunny
Pulp Fiction,19/09/2025,Crime,9,30.6,Sunny
Attack on Titan: Saison 2: Épisode 3,20/09/2025,Anime,10,22.5,Rainy
Spirited Away,20/09/2025,Anime,9,22.5,Rainy
Dragonball Evolution,20/09/2025,Action,2,22.5,Rainy
Attack on Titan: Saison 2: Épisode 4,21/09/2025,Anime,8,17.8,Rainy
Attack on Titan: Saison 2: Épisode 5,21/09/2025,Anime,10,17.8,Rainy
Attack on Titan: Saison 2: Épisode 6,21/09/2025,Anime,8,17.8,Rainy
Attack on Titan: Saison 2: Épisode 7,21/09/2025,Anime,10,17.8,Rainy
Attack on Titan: Saison 2: Épisode 8,21/09/2025,Anime,10,17.8,Rainy
Get Out,21/09/2025,Horror,8,17.8,Rainy
Attack on Titan: Saison 2: Épisode 9,21/09/2025,Anime,10,17.8,Rainy
Attack on Titan: Saison 2: Épisode 10,21/09/2025,Anime,10,17.8,Rainy
Friends: Saison 2: Épisode 12,22/09/2025,Comedy,8,17.0,Rainy
Attack on Titan: Saison 2: Épisode 11,22/09/2025,Anime,8,17.0,Rainy
The Social Network,22/09/2025,Drama,10,17.0,Rainy
Attack on Titan: Saison 2: Épisode 12,23/09/2025,Anime,9,15.1,Rainy
Attack on Titan: Saison 3: Épisode 1,23/09/2025,Anime,10,15.1,Rainy
Rebel Moon,24/09/2025,Sci-Fi,2,11.6,Rainy
Friends: Saison 2: Épisode 13,24/09/2025,Comedy,8,11.6,Rainy
After,25/09/2025,Romance,1,12.3,Rainy
Attack on Titan: Saison 3: Épisode 2,26/09/2025,Anime,8,13.9,Rainy
Attack on Titan: Saison 3: Épisode 3,26/09/2025,Anime,10,13.9,Rainy
Attack on Titan: Saison 3: Épisode 4,26/09/2025,Anime,10,13.9,Rainy
Attack on Titan: Saison 3: Épisode 5,26/09/2025,Anime,9,13.9,Rainy
Attack on Titan: Saison 3: Épisode 6,26/09/2025,Anime,8,13.9,Rainy
Attack on Titan: Saison 3: Épisode 7,26/09/2025,Anime,10,13.9,Rainy
Whiplash,26/09/2025,Drama,10,13.9,Rainy
Attack on Titan: Saison 3: Épisode 8,27/09/2025,Anime,10,15.4,Rainy
Attack on Titan: Saison 3: Épisode 9,27/09/2025,Anime,10,15.4,Rainy
Attack on Titan: Saison 3: Épisode 10,27/09/2025,Anime,10,15.4,Rainy
Attack on Titan: Saison 3: Épisode 11,27/09/2025,Anime,10,15.4,Rainy
6 Underground,27/09/2025,Action,3,15.4,Rainy
Madame Web,28/09/2025,Action,1,18.8,Sunny
Attack on Titan: Saison 4: Épisode 3,28/09/2025,Anime,10,18.8,Sunny
Attack on Titan: Saison 4: Épisode 2,28/09/2025,Anime,10,18.8,Sunny
Attack on Titan: Saison 4: Épisode 1,28/09/2025,Anime,8,18.8,Sunny
Attack on Titan: Saison 3: Épisode 12,28/09/2025,Anime,8,18.8,Sunny
Spider-Man: Across the Spider-Verse,28/09/2025,Animation,9,18.8,Sunny
Friends: Saison 2: Épisode 14,30/09/2025,Comedy,8,18.0,Sunny
Attack on Titan: Saison 4: Épisode 4,30/09/2025,Anime,9,18.0,Sunny
Murder Mystery,30/09/2025,Comedy,7,18.0,Sunny
Attack on Titan: Saison 4: Épisode 5,01/10/2025,Anime,8,19.0,Sunny
Attack on Titan: Saison 4: Épisode 6,01/10/2025,Anime,8,19.0,Sunny
Bright,01/10/2025,Fantasy,3,19.0,Sunny
How I Met Your Mother: Saison 2: Épisode 13,02/10/2025,Comedy,5,17.7,Sunny
Fast & Furious 9,03/10/2025,Action,7,16.9,Rainy
Attack on Titan: Saison 4: Épisode 12,04/10/2025,Anime,10,18.2,Rainy
Attack on Titan: Saison 4: Épisode 11,04/10/2025,Anime,8,18.2,Rainy
Attack on Titan: Saison 4: Épisode 10,04/10/2025,Anime,10,18.2,Rainy
Morbius,04/10/2025,Action,1,18.2,Rainy
Attack on Titan: Saison 4: Épisode 8,04/10/2025,Anime,10,18.2,Rainy
Attack on Titan: Saison 4: Épisode 9,04/10/2025,Anime,10,18.2,Rainy
Parasite,04/10/2025,Thriller,8,18.2,Rainy
Attack on Titan: Saison 4: Épisode 7,04/10/2025,Anime,10,18.2,Rainy
La Casa de Papel: Saison 1: Épisode 1,05/10/2025,Crime,6,16.2,Sunny
La Casa de Papel: Saison 1: Épisode 2,05/10/2025,Crime,9,16.2,Sunny
La Casa de Papel: Saison 1: Épisode 3,05/10/2025,Crime,7,16.2,Sunny
Inception,05/10/2025,Sci-Fi,8,16.2,Sunny
La Casa de Papel: Saison 1: Épisode 4,05/10/2025,Crime,7,16.2,Sunny
Princess Mononoke,05/10/2025,Anime,9,16.2,Sunny
La Casa de Papel: Saison 1: Épisode 5,06/10/2025,Crime,6,16.0,Sunny
Joker,06/10/2025,Drama,6,16.0,Sunny
La Casa de Papel: Saison 1: Épisode 6,07/10/2025,Crime,10,18.0,Sunny
Cats,07/10/2025,Musical,1,18.0,Sunny
Friends: Saison 2: Épisode 15,07/10/2025,Comedy,9,18.0,Sunny
Brooklyn Nine-Nine: Saison 2: Épisode 17,08/10/2025,Comedy,10,17.3,Sunny
La Casa de Papel: Saison 1: Épisode 7,08/10/2025,Crime,7,17.3,Sunny
La Casa de Papel: Saison 1: Épisode 8,08/10/2025,Crime,6,17.3,Sunny
365 Days,09/10/2025,Romance,2,18.1,Rainy
La Casa de Papel: Saison 1: Épisode 9,10/10/2025,Crime,9,15.1,Sunny
La Casa de Papel: Saison 1: Épisode 10,10/10/2025,Crime,7,15.1,Sunny
La La Land,10/10/2025,Romance,8,15.1,Sunny
La Casa de Papel: Saison 2: Épisode 1,10/10/2025,Crime,8,15.1,Sunny
Glass Onion,10/10/2025,Mystery,5,15.1,Sunny
Sharknado,11/10/2025,Comedy,3,18.1,Sunny
La Casa de Papel: Saison 2: Épisode 5,12/10/2025,Crime,9,17.4,Sunny
Dune: Part One,12/10/2025,Sci-Fi,6,17.4,Sunny
La Casa de Papel: Saison 2: Épisode 3,12/10/2025,Crime,6,17.4,Sunny
La Casa de Papel: Saison 2: Épisode 4,12/10/2025,Crime,10,17.4,Sunny
The Emoji Movie,12/10/2025,Animation,2,17.4,Sunny
Don't Look Up,12/10/2025,Comedy,6,17.4,Sunny
La Casa de Papel: Saison 2: Épisode 2,12/10/2025,Crime,9,17.4,Sunny
Extraction 2,13/10/2025,Action,5,16.5,Rainy
La Casa de Papel: Saison 2: Épisode 6,13/10/2025,Crime,10,16.5,Rainy
La Casa de Papel: Saison 2: Épisode 7,14/10/2025,Crime,9,17.0,Sunny
La Casa de Papel: Saison 2: Épisode 8,14/10/2025,Crime,7,17.0,Sunny
The Dark Knight,14/10/2025,Action,8,17.0,Sunny
La Casa de Papel: Saison 2: Épisode 9,15/10/2025,Crime,6,15.6,Rainy
Enola Holmes 2,15/10/2025,Mystery,6,15.6,Rainy
La Casa de Papel: Saison 2: Épisode 10,15/10/2025,Crime,9,15.6,Rainy
La Casa de Papel: Saison 3: Épisode 1,16/10/2025,Crime,7,14.4,Sunny
The Gray Man,16/10/2025,Action,7,14.4,Sunny
Red Notice,16/10/2025,Action,5,14.4,Sunny
La Casa de Papel: Saison 3: Épisode 6,17/10/2025,Crime,8,16.5,Sunny
Army of the Dead,17/10/2025,Horror,7,16.5,Sunny
La Casa de Papel: Saison 3: Épisode 5,17/10/2025,Crime,8,16.5,Sunny
La Casa de Papel: Saison 3: Épisode 4,17/10/2025,Crime,6,16.5,Sunny
Interstellar,17/10/2025,Sci-Fi,10,16.5,Sunny
La Casa de Papel: Saison 3: Épisode 2,17/10/2025,Crime,7,16.5,Sunny
Heart of Stone,17/10/2025,Action,3,16.5,Sunny
La Casa de Papel: Saison 3: Épisode 3,17/10/2025,Crime,9,16.5,Sunny
La Casa de Papel: Saison 3: Épisode 7,18/10/2025,Crime,6,16.4,Sunny
La Casa de Papel: Saison 3: Épisode 8,18/10/2025,Crime,10,16.4,Sunny
Project Power,18/10/2025,Action,4,16.4,Sunny
La Casa de Papel: Saison 3: Épisode 9,19/10/2025,Crime,6,15.4,Rainy
Red Notice,19/10/2025,Action,3,15.4,Rainy
Project Power,21/10/2025,Action,4,16.6,Rainy
Brooklyn Nine-Nine: Saison 2: Épisode 18,21/10/2025,Comedy,8,16.6,Rainy
La Casa de Papel: Saison 4: Épisode 2,22/10/2025,Crime,6,16.2,Rainy
La Casa de Papel: Saison 4: Épisode 1,22/10/2025,Crime,8,16.2,Rainy
La Casa de Papel: Saison 3: Épisode 10,22/10/2025,Crime,6,16.2,Rainy
Rebel Moon,22/10/2025,Sci-Fi,2,16.2,Rainy
How I Met Your Mother: Saison 2: Épisode 14,23/10/2025,Comedy,7,16.2,Rainy
Inception,23/10/2025,Sci-Fi,8,16.2,Rainy
La Casa de Papel: Saison 4: Épisode 3,24/10/2025,Crime,9,12.4,Rainy
Joker,24/10/2025,Drama,10,12.4,Rainy
Madame Web,24/10/2025,Action,1,12.4,Rainy
Heart of Stone,24/10/2025,Action,7,12.4,Rainy
La Casa de Papel: Saison 4: Épisode 4,25/10/2025,Crime,7,12.7,Rainy
La Casa de Papel: Saison 4: Épisode 5,25/10/2025,Crime,7,12.7,Rainy
Dragonball Evolution,25/10/2025,Action,3,12.7,Rainy
Extraction 2,26/10/2025,Action,5,11.4,Rainy
Pulp Fiction,27/10/2025,Crime,8,14.9,Rainy
After,27/10/2025,Romance,2,14.9,Rainy
Parasite,27/10/2025,Thriller,10,14.9,Rainy
How I Met Your Mother: Saison 2: Épisode 15,29/10/2025,Comedy,6,14.3,Rainy
La Casa de Papel: Saison 4: Épisode 6,30/10/2025,Crime,6,13.5,Sunny
La Casa de Papel: Saison 4: Épisode 7,30/10/2025,Crime,7,13.5,Sunny
La Casa de Papel: Saison 4: Épisode 8,30/10/2025,Crime,7,13.5,Sunny
Bright,31/10/2025,Fantasy,7,16.0,Sunny
Dune: Part One,01/11/2025,Sci-Fi,7,15.7,Rainy
La Casa de Papel: Saison 4: Épisode 9,02/11/2025,Crime,9,13.2,Rainy
La Casa de Papel: Saison 4: Épisode 10,02/11/2025,Crime,6,13.2,Rainy
La Casa de Papel: Saison 5: Épisode 1,02/11/2025,Crime,7,13.2,Rainy
Murder Mystery,02/11/2025,Comedy,5,13.2,Rainy
Brooklyn Nine-Nine: Saison 2: Épisode 19,03/11/2025,Comedy,7,15.6,Sunny
La Casa de Papel: Saison 5: Épisode 5,04/11/2025,Crime,8,16.2,Sunny
La Casa de Papel: Saison 5: Épisode 4,04/11/2025,Crime,10,16.2,Sunny
La Casa de Papel: Saison 5: Épisode 3,04/11/2025,Crime,9,16.2,Sunny
La Casa de Papel: Saison 5: Épisode 2,04/11/2025,Crime,8,16.2,Sunny
Friends: Saison 2: Épisode 16,05/11/2025,Comedy,10,16.8,Sunny
La Casa de Papel: Saison 5: Épisode 6,05/11/2025,Crime,10,16.8,Sunny
La Casa de Papel: Saison 5: Épisode 7,05/11/2025,Crime,8,16.8,Sunny
Twilight,05/11/2025,Romance,4,16.8,Sunny
La Casa de Papel: Saison 5: Épisode 8,05/11/2025,Crime,8,16.8,Sunny
La Casa de Papel: Saison 5: Épisode 9,06/11/2025,Crime,9,14.6,Rainy
La Casa de Papel: Saison 5: Épisode 10,06/11/2025,Crime,6,14.6,Rainy
The Crown: Saison 1: Épisode 1,07/11/2025,Drama,7,14.6,Rainy
Sharknado,07/11/2025,Comedy,2,14.6,Rainy
6 Underground,08/11/2025,Action,3,13.4,Rainy
The Crown: Saison 1: Épisode 4,09/11/2025,Drama,10,12.2,Sunny
The Crown: Saison 1: Épisode 3,09/11/2025,Drama,7,12.2,Sunny
Spider-Man: Across the Spider-Verse,09/11/2025,Animation,9,12.2,Sunny
The Crown: Saison 1: Épisode 2,09/11/2025,Drama,9,12.2,Sunny
Tall Girl,10/11/2025,Comedy,3,11.6,Rainy
Spirited Away,10/11/2025,Anime,10,11.6,Rainy
Brooklyn Nine-Nine: Saison 2: Épisode 20,11/11/2025,Comedy,9,14.9,Sunny
The Crown: Saison 1: Épisode 5,11/11/2025,Drama,7,14.9,Sunny
The Crown: Saison 1: Épisode 6,11/11/2025,Drama,9,14.9,Sunny
The Crown: Saison 1: Épisode 7,11/11/2025,Drama,8,14.9,Sunny
The Dark Knight,11/11/2025,Action,8,14.9,Sunny
Winnie the Pooh: Blood and Honey,12/11/2025,Horror,1,15.2,Sunny
The Crown: Saison 1: Épisode 8,12/11/2025,Drama,10,15.2,Sunny
365 Days,12/11/2025,Romance,3,15.2,Sunny
The Crown: Saison 1: Épisode 9,12/11/2025,Drama,6,15.2,Sunny
The Crown: Saison 2: Épisode 1,13/11/2025,Drama,8,16.4,Sunny
The Crown: Saison 2: Épisode 2,13/11/2025,Drama,7,16.4,Sunny
The Office (U.S.): Saison 2: Épisode 11,13/11/2025,Comedy,8,16.4,Sunny
The Crown: Saison 1: Épisode 10,13/11/2025,Drama,10,16.4,Sunny
The Crown: Saison 2: Épisode 3,13/11/2025,Drama,8,16.4,Sunny
Fast & Furious 9,14/11/2025,Action,3,18.4,Rainy
The Emoji Movie,14/11/2025,Animation,3,18.4,Rainy
The Crown: Saison 2: Épisode 6,14/11/2025,Drama,6,18.4,Rainy
The Crown: Saison 2: Épisode 5,14/11/2025,Drama,6,18.4,Rainy
The Crown: Saison 2: Épisode 4,14/11/2025,Drama,7,18.4,Rainy
The Crown: Saison 2: Épisode 7,15/11/2025,Drama,7,14.0,Rainy
The Crown: Saison 2: Épisode 8,15/11/2025,Drama,9,14.0,Rainy
The Crown: Saison 2: Épisode 9,15/11/2025,Drama,7,14.0,Rainy
The Crown: Saison 2: Épisode 10,15/11/2025,Drama,9,14.0,Rainy
The Crown: Saison 3: Épisode 1,15/11/2025,Drama,8,14.0,Rainy
The Crown: Saison 3: Épisode 2,15/11/2025,Drama,9,14.0,Rainy
The Crown: Saison 3: Épisode 3,16/11/2025,Drama,8,12.4,Rainy
Glass Onion,16/11/2025,Mystery,6,12.4,Rainy
The Crown: Saison 3: Épisode 4,17/11/2025,Drama,10,8.9,Rainy
Don't Look Up,17/11/2025,Comedy,6,8.9,Rainy
The Crown: Saison 3: Épisode 5,17/11/2025,Drama,7,8.9,Rainy
The Crown: Saison 3: Épisode 6,17/11/2025,Drama,10,8.9,Rainy
The Crown: Saison 3: Épisode 10,19/11/2025,Drama,6,6.8,Snowy
The Crown: Saison 3: Épisode 9,19/11/2025,Drama,7,6.8,Snowy
The Crown: Saison 3: Épisode 8,19/11/2025,Drama,7,6.8,Snowy
The Crown: Saison 3: Épisode 7,19/11/2025,Drama,10,6.8,Snowy
The Crown: Saison 4: Épisode 1,20/11/2025,Drama,10,4.5,Rainy
Morbius,20/11/2025,Action,2,4.5,Rainy
Enola Holmes 2,21/11/2025,Mystery,9,4.1,Snowy
The Crown: Saison 4: Épisode 2,21/11/2025,Drama,6,4.1,Snowy
The Kissing Booth,21/11/2025,Romance,2,4.1,Snowy
The Crown: Saison 4: Épisode 3,21/11/2025,Drama,8,4.1,Snowy
The Crown: Saison 4: Épisode 4,21/11/2025,Drama,9,4.1,Snowy
The Crown: Saison 4: Épisode 5,21/11/2025,Drama,6,4.1,Snowy
The Crown: Saison 4: Épisode 6,21/11/2025,Drama,7,4.1,Snowy
The Crown: Saison 4: Épisode 7,21/11/2025,Drama,8,4.1,Snowy
Princess Mononoke,22/11/2025,Anime,7,1.7,Snowy
The Gray Man,22/11/2025,Action,4,1.7,Snowy
The Crown: Saison 4: Épisode 10,22/11/2025,Drama,9,1.7,Snowy
The Crown: Saison 4: Épisode 8,22/11/2025,Drama,6,1.7,Snowy
The Social Network,22/11/2025,Drama,8,1.7,Snowy
The Crown: Saison 4: Épisode 9,22/11/2025,Drama,7,1.7,Snowy
Whiplash,23/11/2025,Drama,10,7.3,Snowy
The Crown: Saison 5: Épisode 1,23/11/2025,Drama,7,7.3,Snowy
The Crown: Saison 5: Épisode 2,23/11/2025,Drama,8,7.3,Snowy
Interstellar,23/11/2025,Sci-Fi,10,7.3,Snowy
The Office (U.S.): Saison 2: Épisode 12,24/11/2025,Comedy,10,9.4,Rainy
The Crown: Saison 5: Épisode 3,24/11/2025,Drama,10,9.4,Rainy
The Crown: Saison 5: Épisode 4,24/11/2025,Drama,9,9.4,Rainy
Army of the Dead,24/11/2025,Horror,5,9.4,Rainy
The Crown: Saison 5: Épisode 5,24/11/2025,Drama,7,9.4,Rainy
La La Land,25/11/2025,Romance,9,8.0,Rainy
The Crown: Saison 5: Épisode 6,25/11/2025,Drama,9,8.0,Rainy
The Crown: Saison 5: Épisode 7,26/11/2025,Drama,8,8.4,Rainy
Get Out,26/11/2025,Horror,7,8.4,Rainy
The Office (U.S.): Saison 2: Épisode 13,27/11/2025,Comedy,9,8.4,Sunny
The Crown: Saison 5: Épisode 8,27/11/2025,Drama,6,8.4,Sunny
Cats,27/11/2025,Musical,1,8.4,Sunny
The Crown: Saison 5: Épisode 9,28/11/2025,Drama,8,10.9,Rainy
The Crown: Saison 5: Épisode 10,28/11/2025,Drama,8,10.9,Rainy
The Crown: Saison 6: Épisode 1,28/11/2025,Drama,8,10.9,Rainy
The Crown: Saison 6: Épisode 2,28/11/2025,Drama,8,10.9,Rainy
The Crown: Saison 6: Épisode 3,28/11/2025,Drama,6,10.9,Rainy
Rebel Moon,29/11/2025,Sci-Fi,3,11.5,Rainy
Joker,29/11/2025,Drama,9,11.5,Rainy
The Crown: Saison 6: Épisode 7,29/11/2025,Drama,9,11.5,Rainy
The Crown: Saison 6: Épisode 8,29/11/2025,Drama,6,11.5,Rainy
The Crown: Saison 6: Épisode 5,29/11/2025,Drama,7,11.5,Rainy
The Crown: Saison 6: Épisode 4,29/11/2025,Drama,10,11.5,Rainy
Morbius,29/11/2025,Action,3,11.5,Rainy
The Crown: Saison 6: Épisode 6,29/11/2025,Drama,8,11.5,Rainy
The Crown: Saison 6: Épisode 9,30/11/2025,Drama,8,8.4,Rainy
The Crown: Saison 6: Épisode 10,30/11/2025,Drama,9,8.4,Rainy
Demon Slayer: Saison 1: Épisode 1,30/11/2025,Anime,9,8.4,Rainy
Demon Slayer: Saison 1: Épisode 2,30/11/2025,Anime,8,8.4,Rainy
Interstellar,30/11/2025,Sci-Fi,9,8.4,Rainy
How I Met Your Mother: Saison 2: Épisode 16,01/12/2025,Comedy,5,7.7,Sunny
Friends: Saison 2: Épisode 17,02/12/2025,Comedy,7,9.9,Rainy
Demon Slayer: Saison 1: Épisode 3,02/12/2025,Anime,8,9.9,Rainy
Demon Slayer: Saison 1: Épisode 4,02/12/2025,Anime,8,9.9,Rainy
Demon Slayer: Saison 1: Épisode 5,02/12/2025,Anime,8,9.9,Rainy
Demon Slayer: Saison 1: Épisode 7,03/12/2025,Anime,9,9.9,Rainy
Demon Slayer: Saison 1: Épisode 6,03/12/2025,Anime,8,9.9,Rainy
The Office (U.S.): Saison 2: Épisode 14,03/12/2025,Comedy,10,9.9,Rainy
Brooklyn Nine-Nine: Saison 2: Épisode 21,04/12/2025,Comedy,10,9.0,Rainy
Demon Slayer: Saison 1: Épisode 8,04/12/2025,Anime,10,9.0,Rainy
Demon Slayer: Saison 1: Épisode 9,04/12/2025,Anime,7,9.0,Rainy
Get Out,04/12/2025,Horror,8,9.0,Rainy
Parasite,05/12/2025,Thriller,8,6.8,Rainy
Demon Slayer: Saison 1: Épisode 10,05/12/2025,Anime,10,6.8,Rainy
Spider-Man: Across the Spider-Verse,05/12/2025,Animation,9,6.8,Rainy
Demon Slayer: Saison 1: Épisode 11,05/12/2025,Anime,7,6.8,Rainy
Cats,05/12/2025,Musical,3,6.8,Rainy
Whiplash,05/12/2025,Drama,10,6.8,Rainy
Dune: Part One,05/12/2025,Sci-Fi,8,6.8,Rainy
Murder Mystery,06/12/2025,Comedy,5,12.3,Rainy
Enola Holmes 2,07/12/2025,Mystery,9,14.9,Rainy
Demon Slayer: Saison 2: Épisode 4,07/12/2025,Anime,10,14.9,Rainy
Demon Slayer: Saison 2: Épisode 3,07/12/2025,Anime,9,14.9,Rainy
Demon Slayer: Saison 2: Épisode 1,07/12/2025,Anime,7,14.9,Rainy
Project Power,07/12/2025,Action,7,14.9,Rainy
Demon Slayer: Saison 2: Épisode 2,07/12/2025,Anime,10,14.9,Rainy
Demon Slayer: Saison 2: Épisode 5,08/12/2025,Anime,10,15.8,Rainy
Red Notice,08/12/2025,Action,3,15.8,Rainy
Demon Slayer: Saison 2: Épisode 6,08/12/2025,Anime,10,15.8,Rainy
Spirited Away,08/12/2025,Anime,8,15.8,Rainy
Brooklyn Nine-Nine: Saison 2: Épisode 22,09/12/2025,Comedy,10,14.8,Rainy
The Dark Knight,10/12/2025,Action,8,13.7,Rainy
The Office (U.S.): Saison 2: Épisode 15,11/12/2025,Comedy,9,10.2,Rainy
The Gray Man,11/12/2025,Action,4,10.2,Rainy
Demon Slayer: Saison 2: Épisode 7,11/12/2025,Anime,9,10.2,Rainy
Demon Slayer: Saison 2: Épisode 8,11/12/2025,Anime,9,10.2,Rainy
Sharknado,11/12/2025,Comedy,3,10.2,Rainy
Don't Look Up,12/12/2025,Comedy,8,11.2,Rainy
6 Underground,12/12/2025,Action,5,11.2,Rainy
Demon Slayer: Saison 2: Épisode 9,13/12/2025,Anime,9,9.6,Sunny
Princess Mononoke,13/12/2025,Anime,7,9.6,Sunny
Demon Slayer: Saison 2: Épisode 10,14/12/2025,Anime,7,7.4,Sunny
Demon Slayer: Saison 2: Épisode 11,14/12/2025,Anime,7,7.4,Sunny
The Emoji Movie,14/12/2025,Animation,2,7.4,Sunny
Demon Slayer: Saison 3: Épisode 1,15/12/2025,Anime,10,10.7,Sunny
Bright,15/12/2025,Fantasy,5,10.7,Sunny
Heart of Stone,15/12/2025,Action,7,10.7,Sunny
Demon Slayer: Saison 3: Épisode 2,16/12/2025,Anime,8,13.2,Sunny
Glass Onion,16/12/2025,Mystery,9,13.2,Sunny
Demon Slayer: Saison 3: Épisode 3,17/12/2025,Anime,7,10.2,Sunny
Friends: Saison 2: Épisode 18,17/12/2025,Comedy,8,10.2,Sunny
Madame Web,17/12/2025,Action,3,10.2,Sunny
Demon Slayer: Saison 3: Épisode 4,17/12/2025,Anime,10,10.2,Sunny
After,18/12/2025,Romance,4,14.4,Rainy
Brooklyn Nine-Nine: Saison 3: Épisode 1,18/12/2025,Comedy,7,14.4,Rainy
The Social Network,19/12/2025,Drama,10,12.9,Rainy
Demon Slayer: Saison 3: Épisode 5,20/12/2025,Anime,8,9.8,Rainy
Demon Slayer: Saison 3: Épisode 6,20/12/2025,Anime,8,9.8,Rainy
Demon Slayer: Saison 3: Épisode 7,20/12/2025,Anime,8,9.8,Rainy
La La Land,20/12/2025,Romance,9,9.8,Rainy
Demon Slayer: Saison 3: Épisode 8,21/12/2025,Anime,10,11.2,Rainy
Demon Slayer: Saison 3: Épisode 9,21/12/2025,Anime,9,11.2,Rainy
Inception,21/12/2025,Sci-Fi,10,11.2,Rainy
Fast & Furious 9,22/12/2025,Action,7,10.8,Rainy
How I Met Your Mother: Saison 2: Épisode 17,23/12/2025,Comedy,6,8.0,Sunny
Tall Girl,23/12/2025,Comedy,4,8.0,Sunny
Twilight,24/12/2025,Romance,5,5.2,Sunny
Better Call Saul: Saison 1: Épisode 2,25/12/2025,Crime,9,1.6,Snowy
Better Call Saul: Saison 1: Épisode 1,25/12/2025,Crime,10,1.6,Snowy
Demon Slayer: Saison 3: Épisode 10,25/12/2025,Anime,8,1.6,Snowy
Demon Slayer: Saison 3: Épisode 11,25/12/2025,Anime,10,1.6,Snowy
Army of the Dead,26/12/2025,Horror,5,2.8,Sunny
Better Call Saul: Saison 1: Épisode 3,26/12/2025,Crime,10,2.8,Sunny
Better Call Saul: Saison 1: Épisode 4,26/12/2025,Crime,10,2.8,Sunny
Better Call Saul: Saison 1: Épisode 5,26/12/2025,Crime,8,2.8,Sunny
Better Call Saul: Saison 1: Épisode 6,26/12/2025,Crime,8,2.8,Sunny
The Kissing Booth,26/12/2025,Romance,4,2.8,Sunny
Better Call Saul: Saison 1: Épisode 7,27/12/2025,Crime,8,3.3,Sunny
Pulp Fiction,27/12/2025,Crime,10,3.3,Sunny
Dragonball Evolution,28/12/2025,Action,3,2.7,Sunny
Extraction 2,29/12/2025,Action,9,2.8,Sunny
Better Call Saul: Saison 1: Épisode 9,29/12/2025,Crime,10,2.8,Sunny
Better Call Saul: Saison 1: Épisode 10,29/12/2025,Crime,8,2.8,Sunny
Brooklyn Nine-Nine: Saison 3: Épisode 2,29/12/2025,Comedy,9,2.8,Sunny
Better Call Saul: Saison 1: Épisode 8,29/12/2025,Crime,10,2.8,Sunny
How I Met Your Mother: Saison 2: Épisode 18,30/12/2025,Comedy,9,5.1,Sunny
Better Call Saul: Saison 2: Épisode 1,30/12/2025,Crime,9,5.1,Sunny
Better Call Saul: Saison 2: Épisode 2,30/12/2025,Crime,9,5.1,Sunny
Better Call Saul: Saison 2: Épisode 3,31/12/2025,Crime,10,3.5,Sunny
Better Call Saul: Saison 2: Épisode 4,31/12/2025,Crime,8,3.5,Sunny
Winnie the Pooh: Blood and Honey,31/12/2025,Horror,1,3.5,Sunny
365 Days,31/12/2025,Romance,1,3.5,Sunny
Princess Mononoke,01/01/2026,Anime,9,3.8,Sunny
Better Call Saul: Saison 2: Épisode 5,01/01/2026,Crime,10,3.8,Sunny
Better Call Saul: Saison 2: Épisode 6,01/01/2026,Crime,9,3.8,Sunny
Bright,02/01/2026,Fantasy,3,4.2,Rainy
Better Call Saul: Saison 2: Épisode 9,03/01/2026,Crime,8,3.0,Rainy
Heart of Stone,03/01/2026,Action,6,3.0,Rainy
Better Call Saul: Saison 2: Épisode 10,03/01/2026,Crime,8,3.0,Rainy
Better Call Saul: Saison 2: Épisode 8,03/01/2026,Crime,10,3.0,Rainy
Better Call Saul: Saison 2: Épisode 7,03/01/2026,Crime,10,3.0,Rainy
Better Call Saul: Saison 3: Épisode 1,04/01/2026,Crime,10,2.8,Sunny
Better Call Saul: Saison 3: Épisode 2,04/01/2026,Crime,9,2.8,Sunny
Joker,04/01/2026,Drama,8,2.8,Sunny
Spirited Away,04/01/2026,Anime,10,2.8,Sunny
The Office (U.S.): Saison 2: Épisode 16,05/01/2026,Comedy,9,-0.5,Snowy
Don't Look Up,05/01/2026,Comedy,7,-0.5,Snowy
Better Call Saul: Saison 3: Épisode 3,06/01/2026,Crime,10,0.3,Sunny
Sharknado,06/01/2026,Comedy,3,0.3,Sunny
How I Met Your Mother: Saison 2: Épisode 19,08/01/2026,Comedy,6,10.1,Rainy
Better Call Saul: Saison 3: Épisode 4,08/01/2026,Crime,10,10.1,Rainy
Inception,08/01/2026,Sci-Fi,8,10.1,Rainy
Morbius,09/01/2026,Action,1,9.4,Rainy
Better Call Saul: Saison 3: Épisode 7,09/01/2026,Crime,10,9.4,Rainy
Better Call Saul: Saison 3: Épisode 6,09/01/2026,Crime,10,9.4,Rainy
La La Land,09/01/2026,Romance,10,9.4,Rainy
Better Call Saul: Saison 3: Épisode 5,09/01/2026,Crime,10,9.4,Rainy
Better Call Saul: Saison 3: Épisode 8,10/01/2026,Crime,9,4.3,Rainy
Better Call Saul: Saison 3: Épisode 9,10/01/2026,Crime,9,4.3,Rainy
Fast & Furious 9,10/01/2026,Action,7,4.3,Rainy
Better Call Saul: Saison 3: Épisode 10,11/01/2026,Crime,10,4.6,Rainy
Better Call Saul: Saison 4: Épisode 1,11/01/2026,Crime,8,4.6,Rainy
Enola Holmes 2,11/01/2026,Mystery,6,4.6,Rainy
Better Call Saul: Saison 4: Épisode 2,12/01/2026,Crime,8,11.6,Rainy
Tall Girl,12/01/2026,Comedy,3,11.6,Rainy
Better Call Saul: Saison 4: Épisode 3,12/01/2026,Crime,10,11.6,Rainy
Better Call Saul: Saison 4: Épisode 4,12/01/2026,Crime,10,11.6,Rainy
Better Call Saul: Saison 4: Épisode 7,13/01/2026,Crime,10,11.8,Rainy
Better Call Saul: Saison 4: Épisode 6,13/01/2026,Crime,10,11.8,Rainy
Better Call Saul: Saison 4: Épisode 5,13/01/2026,Crime,10,11.8,Rainy
365 Days,14/01/2026,Romance,1,12.2,Rainy
How I Met Your Mother: Saison 2: Épisode 20,15/01/2026,Comedy,5,12.1,Rainy
Dragonball Evolution,15/01/2026,Action,1,12.1,Rainy
Extraction 2,16/01/2026,Action,7,10.8,Rainy
Winnie the Pooh: Blood and Honey,17/01/2026,Horror,1,11.1,Rainy
Better Call Saul: Saison 4: Épisode 8,18/01/2026,Crime,10,9.7,Sunny
Better Call Saul: Saison 4: Épisode 9,18/01/2026,Crime,8,9.7,Sunny
Get Out,18/01/2026,Horror,10,9.7,Sunny
Better Call Saul: Saison 4: Épisode 10,19/01/2026,Crime,10,9.6,Sunny
The Gray Man,19/01/2026,Action,3,9.6,Sunny
How I Met Your Mother: Saison 2: Épisode 21,20/01/2026,Comedy,8,9.2,Rainy
Better Call Saul: Saison 5: Épisode 4,21/01/2026,Crime,8,12.6,Rainy
Better Call Saul: Saison 5: Épisode 2,21/01/2026,Crime,8,12.6,Rainy
Better Call Saul: Saison 5: Épisode 3,21/01/2026,Crime,10,12.6,Rainy
The Office (U.S.): Saison 2: Épisode 17,21/01/2026,Comedy,9,12.6,Rainy
Better Call Saul: Saison 5: Épisode 1,21/01/2026,Crime,8,12.6,Rainy
Better Call Saul: Saison 5: Épisode 5,22/01/2026,Crime,9,11.2,Rainy
Better Call Saul: Saison 5: Épisode 6,22/01/2026,Crime,8,11.2,Rainy
Better Call Saul: Saison 5: Épisode 7,22/01/2026,Crime,9,11.2,Rainy
Better Call Saul: Saison 5: Épisode 8,22/01/2026,Crime,9,11.2,Rainy
Better Call Saul: Saison 5: Épisode 9,23/01/2026,Crime,9,9.1,Rainy
6 Underground,23/01/2026,Action,6,9.1,Rainy
Twilight,24/01/2026,Romance,2,8.6,Rainy
Better Call Saul: Saison 5: Épisode 10,25/01/2026,Crime,10,7.4,Rainy
Better Call Saul: Saison 6: Épisode 1,25/01/2026,Crime,10,7.4,Rainy
Better Call Saul: Saison 6: Épisode 2,25/01/2026,Crime,10,7.4,Rainy
Parasite,25/01/2026,Thriller,10,7.4,Rainy
Interstellar,26/01/2026,Sci-Fi,10,8.2,Rainy
Better Call Saul: Saison 6: Épisode 3,26/01/2026,Crime,8,8.2,Rainy
Better Call Saul: Saison 6: Épisode 5,27/01/2026,Crime,10,8.9,Snowy
Spider-Man: Across the Spider-Verse,27/01/2026,Animation,8,8.9,Snowy
Friends: Saison 2: Épisode 19,27/01/2026,Comedy,8,8.9,Snowy
Better Call Saul: Saison 6: Épisode 4,27/01/2026,Crime,9,8.9,Snowy
The Office (U.S.): Saison 2: Épisode 18,28/01/2026,Comedy,10,7.1,Sunny
Better Call Saul: Saison 6: Épisode 6,28/01/2026,Crime,9,7.1,Sunny
Better Call Saul: Saison 6: Épisode 7,28/01/2026,Crime,9,7.1,Sunny
Better Call Saul: Saison 6: Épisode 8,28/01/2026,Crime,9,7.1,Sunny
Better Call Saul: Saison 6: Épisode 9,28/01/2026,Crime,9,7.1,Sunny
Better Call Saul: Saison 6: Épisode 10,30/01/2026,Crime,8,10.8,Rainy
Red Notice,30/01/2026,Action,7,10.8,Rainy
Dark: Saison 1: Épisode 1,31/01/2026,Sci-Fi,10,8.2,Sunny
Madame Web,31/01/2026,Action,1,8.2,Sunny
Dark: Saison 1: Épisode 2,01/02/2026,Sci-Fi,10,8.8,Rainy
After,01/02/2026,Romance,3,8.8,Rainy
The Kissing Booth,01/02/2026,Romance,4,8.8,Rainy
Glass Onion,02/02/2026,Mystery,9,10.2,Rainy
Dark: Saison 1: Épisode 3,02/02/2026,Sci-Fi,10,10.2,Rainy
Dark: Saison 1: Épisode 4,02/02/2026,Sci-Fi,8,10.2,Rainy
The Dark Knight,03/02/2026,Action,10,9.8,Rainy
How I Met Your Mother: Saison 2: Épisode 22,04/02/2026,Comedy,5,10.6,Rainy
